number,default_location_id
SBV-5108,120
t-shirt,140
04-277-3104,140
04-277-3106,140
04-770,120
05-233,120
0540A30012,120
080C01-0123HS,120
0827 200710,120
0827 210490,120
0827220813/0,120
0947A90112,120
0947A90113,120
09670019997-04221,140
098283/0,120
098561/0,120
098561/1/0,120
099173/0,120
110338282ATX,120
1104-2754,140
110435219ATX,120
1105-2700,140
1128-SN1734,140
119042209-RF-01456,140
12001- PA4262,140
12004-FK0351-0410,140
12005-FJ0482-0110,140
120238588BS01,120
122121283BS04,120
122121294BS20,120
122133698ATX,120
122134195BS30,120
122134202BS11,140
122134240AT01,120
122134240ATX,120
122136965BS10,120
122138311BS03,120
129037178ATX,140
12-GL2032,120
12-TL1625,120
1317-RF,140
1321165800-1,120
134-35-R-110-TN,120
1428-1300,140
17-560,120
178502PURS104035,120
2001010009-C,140
2001020018-C,140
2001020038-C,140
2001040005-C,140
2001040057-C,140
2001080058-C,140
2001080059-C,140
2001080063-C,140
2001100013-C,140
2001100016-C,140
2001110023-C,140
2001110036-C,140
2001110037-C,140
2001110038-C,140
2001110043-C,140
2001320000-C,140
2002008AUTO - 05242,120
20020MP12 - 06212,120
20020MP12M,120
2006012RF - 05236,120
2006016 - 05243,120
2029170004-C,140
20EVO012V3 - 05244,120
20EVO016 - 05235,120
20EVO212,140
21-01/05-DK,140
21-01/05-GE,140
21-01/05-NO,140
21-01/05-SV,140
21-05/10-DK,140
21-05/10-GE,140
21-05/10-NO,140
21-05/10-SV,140
21-10/15-DK,140
21-10/15-GE,140
21-10/15-NO,140
21-10/15-SV,140
21-15/20-DK,140
21-15/20-GE,140
21-15/20-NO,140
21-15/20-SV,140
21-20/25-DK,140
21-20/25-GE,140
21-20/25-NO,140
21-20/25-SV,140
21-25/30-DK,140
21-25/30-GE,140
21-25/30-NO,140
21-25/30-SV,140
215134551-0921,120
21-Tillæg-Full load,140
21-Tillæg-palle,140
21-TNT,140
21-Told,140
21-Told-Palle,140
22-99-00600,140
2332C,140
2332C-R-AG0047-0110,140
239 239 - 06211,140
239 J - 05223,120
239 J OM1600  - 05222,120
251131511-0922,120
255040194-0923,120
255530868-Various,120
257041016-01241,140
2573S,140
270OF302-15B,120
277633546-0825,120
3001020030-C,140
30072 - 06212,120
30073 - 06212,120
301-1,140
309A,140
309B,140
309-B,140
313FR38MD/412LDE,120
316A,120
317A,140
317B,120
317C,120
317-D,140
36000-17201,140
36000-WHT-17201,140
394-3326,140
3-947-105 - 06215,120
4002-7313-MC2498,140
40140-GRY-14203,140
40140-GRY-25-14203,140
40200-BLK,140
4027010000BAS-C,140
4027010001PRO-C,140
4027010002MAX-C,140
4060120000-C,140
4060120001-C,140
4060120003-C,140
4060120004-C,140
4060120005-C,140
4060120006-C,140
4060120015-C,140
4060120016-C,140
4069BS03,140
4069-RF,140
4160-RF-TH7371,140
4167BS03,140
4167BS03-RF-BJ2020,140
4174-AGO111-024,140
4402BS01-AD0162-0420,140
4402BS01-AI00970420,140
4402BS01-HF1217-0420,140
4406-RF-XG5312,140
4411-ZC0061,140
4413BS02-AD0166-0420,140
4413BS02-FJ0986-0420,120
4413BS02-HF1218-0420,140
4501BS01,120
4712-RF-YJ6910,140
4712-SN0040-0410,140
4713BS10,140
4713BS10-HJ0418-0410,140
4715077-ACC0530280,140
4715077-ACC0531152,140
4715088-ACC0500250,140
4715088-ACC0500251,140
4804C,140
4831-RF,140
4880BS03,120
4O69N,140
4O89V,140
4O8RU,140
4O8SW,140
4o8TY,140
4O8U1,140
4O8V3,140
50.2.150.3000-S,140
5001020029-C,140
5001020030-C,140
5001020035-C,140
5001020036-C,140
5001040001-C,140
5001100002-C,140
50250M,140
50MC209,140
510-2123,140
53-1,120
61016-WHT-01,140
61016-WHT-14104,140
61016-WHT-25,140
6310FD22,140
6310FD22-SA,140
6310FDUPG19-22,140
6310FDUPG21-22,140
6310FS22,140
6310FS22-SA,140
6310FSSE22,140
6310FSSEUPG19-22,140
6310FSSEUPG21-22,140
6310FSUPG19-22,140
6310FSUPG21-22,140
6738Keramisk,140
7000-44,500
7077-01147,140
71002-1616,140
71005-1616,140
71008-001,140
71009-001,140
71010-001,140
71011-001,140
71012-001,140
71013-065,140
71014-001,140
71015-090,140
71020-001,140
71020-1616,140
71021-001,140
71022-001,140
71022-1616,140
71023-001,140
71029-001,140
71030-001,140
7110-200,140
7110-92021-01125,140
7110-92033-01127,140
7110-92035-01153,140
7110-92054-01131,140
7110-92105-01145,140
7110-92107-0000,140
7110-92118-01124,140
71508-1208,140
71508-1216,140
71509-1608,140
71509-1616,140
71510-1208,140
71510-1216,140
71511-1608,140
71511-1616,140
71512-1608,140
71512-1616,140
71513-1208,140
71513-1216,140
71514-1608,140
71514-1616,140
71515-1208,140
71515-1216,140
71520-1208,140
71520-1216,140
71521-1608,140
71521-1616,140
71522-1208,140
71522-1216,140
71523-1608,140
71523-1616,140
71524-1208,140
71524-1216,140
71528-1208,140
71528-1216,140
71599-13401,140
72002-001,140
72502-1208,140
72502-1216,140
72503-1608,140
72503-1616,140
72504-001,140
72505-1208,140
72505-1216,140
72506-1608,140
72506-1616,140
72507-001,140
72517-1208,140
72517-1216,140
72518-1608,140
72518-1616,140
7459-01146,140
750WHITE-01128,140
8000-1,140
81001-025-12101,140
81001-100-12101,140
81001-500-12201,140
81002-025-12102,140
81002-100-12102,140
81002-500-12202,140
81003-025-12103,140
81003-100-12103,140
81003-500-12203,140
81004-001-12104,140
81004-025-12104,140
81004-100-12104,140
81004-500-12204,140
81005-001-12205,140
81005-025-12105,140
81005-100-12105,140
81005-500-12205,140
81006-001-13202,140
81006-025-13202,140
81006-100-13202,140
81006-500-13201,140
81007-001-1703,140
81007-050-13101,140
81008-100-13202,140
81008-25-13202,140
81008-500-13202,140
81009-250-14201,140
81010-250-14202,140
81011-050-12401,140
81012-050-13301,140
81014-050,140
81014-050-12301,140
81015-050,140
81015-050-11401,140
81016-050-12302,140
81017-050,140
81017-050-11301,140
81018-025-13104,140
81018-050-13104,140
81019-025-13105,140
81019-050-13105,140
81020-025-13102,140
81020-050-13102,140
81021-025-13103,140
81021-050-13103,140
81022-001-17401,140
81022-020-17401,140
81023-001-17101,140
81023-020-17101,140
81024-001-17301,140
81024-020-17301,140
81025-001-17501,140
81025-025-17501,140
81026-250-13302,140
81026-50-13302,140
81027-025-14301,140
81027-300-14401,140
81028-025-14302,140
81028-200-14402,140
81029-025-14303,140
81029-200-14403,140
81031-001-17302,140
81031-020-17302,140
81032-001-020,140
81032-001-17601,140
81032-020-17601,140
81033-025-1701,140
81034-001-14204,140
81035-050-14304,140
81037-100-11402,140
81038-100-11403,140
8402-R,140
8403-R,140
8404-3915,140
8404-3968,140
8404-3989,140
8404-R-0057,140
8404-R-0058,140
8404-R-0060,140
8404-R-1474,140
8404-R-3375,140
8404-R-3376,120
8405-R,140
8405-R-0056,140
8405-R-3214,140
8405-R-3390,140
8405-R-3458,140
8405-R-3459,140
8406-101-Only Right,140
8406-34-Only Right,140
8406-R-PMH67+PMH70,140
8406-R-PMH68+PMH71,140
8406-R-PMH69+PMH72,140
8415-R-0061,120
8415-R-10,120
8415-R-1942,120
8415-R-2780,140
8416-R-0062,120
8416-R-1972,120
8416-R-2788,120
8416-R-2889,120
84301-10-14104,140
84301-7-14101,140
84301-8-14102,140
84301-9-14103,140
881-1,140
884-1,140
90000 Maskine leje,140
9000-1,140
9001010000-C,140
9001010001-C,140
9001010002-C,140
9001010003-C,140
9001010006-C,140
9001010008-C,140
9001010012-C,140
9001010023-C,140
9001010024-C,140
9001030000-C,140
9001030001-C,140
9001-242-004 - 06215,120
9001-245-001 - 06215,120
9001-245-002 - 06215,120
900460/2000X2000,120
900460/Fårup,120
900460/SL1310,120
900460/SL1625,120
900461/2200X1600,120
900461/GL2032,120
900461/GL2032C,120
900461/GL2032C - smal,120
900461/GL2432C,140
900461/LFC2332C,120
900461/LFC3332C,120
900461/SL1310,120
900461/SL1317 Liberty,120
900461/SL1625,120
900461/TL1617C,120
900461/TL1625C,120
901678 - 06214,120
90-IG1Q003M00-0PA0,140
91001-11104,140
91002-11201,140
91003-11204,140
91004-11203,140
91005-11202,140
91006-11101,140
91007-11103,140
91008-11102,140
91009-0000,140
91010-0000,140
91011-0000,140
91012-0000,140
91013-0000,140
91014-0000,140
92001-01221,140
92002-01211,140
92003-01114,140
92004-01111,140
92005-01112,140
92006-01113,140
92007-01231,140
92008-01151,140
92009-01152,140
92010-01155,140
92011-01156,140
92012-01157,140
92013-01158,140
92014-01141,140
92015-01142,140
92016-01143,140
92017-01144,140
92018-01154,140
92019-0000,140
92020-0000,140
92021-01125,140
92023-01242,140
92024-01243,140
92025-01244,140
92026-01245,140
92027-01246,140
92028-01247,140
92029-01255,140
92030-01256,140
92031-01257,140
92032-0000,140
92033-01127,140
92035-01153,140
92036-01135,140
92037-0000,140
92038-01136,140
92039-0000,140
92040-0000,140
92041-0000,140
92042-0000,140
92043-0000,140
92044-0000,140
92045-0000,140
92046-0000,140
92047-0000,140
92048-0000,140
92049-0000,140
92050-0000,140
92051-0000,140
92052-0000,140
92053-0000,140
92054-01131,140
92055-01132,140
92056-01133,140
92057-0000,140
92058-0000,140
92059-0000,140
92060-0000,140
92061-0000,140
92062-0000,140
92063-0000,140
92064-0000,140
92065-0000,140
92066-01121,140
92067-0000,140
92068-0000,140
92069-0000,140
92070-0000,140
92071-0000,140
92072-01234,140
92073-01233,140
92074-0000,140
92075-0000,140
92076-0000,140
92077-01224,140
92078-01225,140
92079-01226,140
92080-01227,140
92081-01134,140
92082-01213,140
92083-01214,140
92084-01215,140
92085-01216,140
92086-0000,140
92087-01217,140
92089-0000,140
92091-01236,140
92093-0000,120
92094-0000,120
92095-0000,120
92096-01237,120
92097-0000,120
92098-01222,140
92099-01223,140
92100-01212,140
92102-01115,140
92103-01116,140
92104-01232,140
92105-01145,140
92106-0000,120
92107-0000,120
92108-0000,120
92109-01137,140
92110-0000,140
92111-01138,140
92112-0000,140
92113-01122,140
92114-01123,140
92115-0000,120
92116-0000,120
92117-01117,140
92118-01124,140
92120-01252,140
92121-01253,140
92122-01254,140
92123-01235,140
92124-0000,140
92125-0000,140
92126-0000,140
92127-0000,140
92128-0000,140
92129-0000,140
92137-0000,140
92138-0000,140
92139-0000,140
92211-01126,140
92230-01148,140
92231-01148,140
93001-15112,140
93002-15122,140
93003-15132,140
93004-15142,140
93005-15152,140
93006-15113,140
93007-15123,140
93008-15133,140
93009-15143,140
93010-15153,140
93011-15114,140
93012-15124,140
93013-15134,140
93014-15144,140
93015-15154,140
93016-15115,140
93017-15125,140
93018-15135,140
93019-15145,140
93020-15155,140
93021-15211,140
93022-15221,140
93023-15231,140
93024-15241,140
93025-15212,140
93026-15222,140
93027-15232,140
93028-15213,140
93029-15223,140
93030-15233,140
93031-15214,140
93032-15224,140
93033-15234,140
93034-15215,140
93035-15225,140
93036-15235,140
93037-15216,140
93038-15226,140
93039-15236,140
93040-0000,140
93043-15244,140
94001-0250,140
94001-1000,140
94002-0250,140
94002-1000,140
94003-0250,140
94003-1000,140
94004-1000,140
94005-1000,140
94006-1000,140
94007-1000,140
94008-1000,140
94009-1000,140
94010-1000,140
94011-1000,140
94012-1000,140
94013-1000,140
94014-0001,140
94015-07102,140
94016-07103,140
94017-0001,140
94018-0001,140
94019-0001,140
94020-0001,140
94021-0001,140
94022-0001,140
94023-0001,140
94024-0001,140
94024-3937,140
94025-0001 - 06212,120
94026-0001 - 05245,120
94027-0001,120
94028-0001,120
94029-0001,140
94030-0001,140
94031-0001,140
94032-0001,140
94033-0001,140
94034-0001,140
94035-0001,140
94036-0001,140
94037-0001,140
94038-0001,140
94039-0001,120
94040-0001,140
94041-0001,140
94042-0001,120
94043-0001,120
94044-0001,140
94045-07301,140
94046-07402,140
94047-0001,140
94048-0001,140
94049-07101,140
94050-17602,140
94051-0001,140
94052-0001,140
94053-0001,140
94054-17604,140
94063-01800,140
94064-01800,140
94065-01800,140
94066-00001,140
999933431-01251,120
ABC7*1600*4000,120
ABC7*1680*3980,120
AGFA-M1600-2416596098901,140
AGFA-M2050i-3320796029601,140
AGFAM2500i,140
AGFA-M4F-1916401049901,140
Anapurna M2500i,140
APM060B2-16FP-RF-1,140
Aristo Firmware,140
Aristo TL 1617 - ZI9043,140
BAH123Almega,120
BC2606000-100,140
BC2608000-100,140
BC2609000-100,140
BC2610000-100,140
BC2612000-100,140
BC2614000-100,140
BC2616000-50,140
BC2618000-50,140
BC2619000-50,140
BC2620000-50,140
BC2622000-50,140
BC2624000-50,140
BC2625000-50,140
BC2626000-50,140
BC2628000-50,140
BC2630000-50,140
BC2632000-50,140
BC2635000-50,140
BF-72028-001,140
BF-BAS100314160-001,140
BF-BAS160314160-001,140
BF-NTP160314160-001,140
BF-PRE160314160-065,140
BR16-EMB-05 - 05203,120
BAASE_F_32A,120
CardCret,140
Carmo overelektrode,120
CC_12_5,120
CCART_DE_6_10 - 05215,120
cncCUT_update_NV,140
Colex-SX1732,140
CP038A,120
CP12200V,140
CP1290,140
Cronos-80,140
CRONOS-PLUS,140
CRONOS-ULTIMATE2,140
Cutter Control,140
D2+23000915,120
D2+2357005 - 06213,120
D2+50701-0002,120
D2+51201-0009,120
D2+52301-0004,120
D2+52401-0001,120
D2+53102-0003,120
D2+57800-0018,120
D2+59313-0020,120
D2+59313-0021,120
D2+7030203-0064,120
D2+7040209-0006,120
D2+7051104-0003,120
D2+7170101-0222,120
D2+7170101-0552,120
D2+7170102-0501,120
D2+7250103-0020,120
D2+7250103-0037,120
D2+7299999-0010,120
D2+7299999-0015,120
D2+7300101-0032,120
D2+7300102-0015,120
D2+7300104-0012,120
D2+7300109-0010,120
D2+7321099-0014,120
D2+7321099-0016,120
D2+7350101-0001 - 06213,120
D2+7360103-0003,120
D2+7400101-0001 - 06213,120
d2+7400101-0002,120
D2+7440399-0002,120
D2+7500402-0002,120
D2+7500402-0004,120
D2+7500402-0022,120
D2+7500402-0025,120
D2+7500402-0026,120
d2+7500402-0049,120
D2+7500402-0056,120
D2+7500402-0057,120
D2+7500402-0058,120
d2+7500402-0060,140
D2+7500402-0094,120
D2+7501402-0010,120
D2+7501502-0002 - 06214,120
D2+7501502-0005,120
D2+7510102-0098,120
D2+7510102-0319,120
D2+7510102-0321,120
D2+7550206-0004,120
D2+7550206-0008S,120
D2+7570101-0001,120
D2+7570104-0001,120
D2+7570107-0006 - 06214,120
d2+7570107-0009S,120
D2+7590101-0016,120
D2+7590201-0003,120
D2+7610228-0004,120
D2+7610228-0009,120
D2+7620199-0002,120
D2+7621399-0011,120
D2+7630108-0004,120
D2+7630108-0006,120
D2+7630108-0009 - 06214,120
D2+7691399-0002,120
D2+7699999-0006,120
D2+7699999-0021,120
D22509266,120
D9018/500517,120
DE00019-02111,120
DE00022-05241,120
DE00039,120
DE00044,140
DE00045-03215,120
DE00046-05231,120
DE00048,120
DE00481,120
DE07094,120
DE07703,120
DM00023-02232,120
DM00033,140
DM00034,140
DM00116-02244,120
DM00117-02235,120
DM00118-02234,120
DM00120-02215,120
DM00121-02225,120
DM00122-02242,120
DM00123,120
DM00136,120
DM00204,120
DM00303,120
DM00450-2,120
DM00459-04231,120
DM00521,120
DM00522,120
DM00523,120
DM00534,140
DM00595,140
DM00643,140
DM00670,140
DM02490-1-03255,120
DM11279,120
DM80000,120
DM80001,120
DM80007,120
DM80008,120
DS-ELCOB SERVICE,120
DS-ELCOBYG LEJE,140
DWA-121,140
E82OW,120
EB05724,120
EB05727-03231,120
EC00208-03256,120
EC00209-03256,120
EC00247-03246,120
EC00250-03245,120
EC00603-02223,120
EC00608-03225,120
EC04990-03216,120
EC04991-04221,120
EE00009,140
EE00097,120
EE00209,120
EE00223,120
EE00265,140
EE00266,140
EE00269,140
EE00323,120
EE00450-05,120
EE00500,120
EE00563,140
EE00690-04202,120
EE00701-04252,120
EE01778-04232,120
EE01801,120
EE02057,120
EE05053-04251,120
EE07010-04235,120
EE07011-04255,120
EE07018-04243,120
EE07019-04253,120
EE07030-04201,120
EE07032,120
EE07046,120
EE07048,120
EE07049-04254,120
EE07099-04244,120
EE07622,120
EE07743-04225,120
EE07756-02112,120
EE07759,120
EE07769-02113,120
EE08618-04242,120
EE08619,120
EE08624-04245,120
EE08625-04241,120
EE08626-04233,120
EF00066,120
EG00005-03213,120
EG01517,120
EG07261,140
EH00025-05221,120
EH00131,140
EH00138-02214,120
EH00148-03223,120
EH00157,120
EH00544,140
EH00545,140
EH00672-02233,120
EH00689-03226,120
EH03412,120
EH03432-04212,120
EH03447,120
EH03465-04213,120
EH04708-04214,120
EH04709-04215,120
EH04711-04222,120
EH04713-04223,120
EH04720-04224,120
EH05201-03232,120
EH06199,120
EM010001-blade holder,120
EM010002-03214,120
EM010021-03221,120
EM010022-03222,120
EM010023,120
EM010024,120
EM010160-03253,120
EM010163,120
EM02370-02243,120
EM02522-02221,120
EM05766-02222,120
EM07080,120
EM07218-03232,120
EM07221-03241,120
EM07222-03212,120
EM07224-03224,120
EM07246,120
EM07260-02245,120
EM07261-03243,120
EM07262-03211,120
EM07265-03254,120
EM07266-03244,120
EM07272-02254,120
EM07276-03234,120
EM07285-03236,120
EM07286-03235,120
EM07287-03252,120
EM07296-02255,120
EM07297-03251,120
EM07312,120
EM07317-05211,120
EM07318,120
EM07320,120
EM07349-02211,120
EM07811-02251,120
EM07817-02213,120
EM07836,120
EM07837,120
EM07857-02252,120
EM07858,120
EM07936,120
EM07981-02241,120
EM07982-02251,120
EM110304-02212,120
EM11031,120
EM110362-04211,120
EM110394,140
EM11091,120
EM11101,120
EM11118,120
EM11209,120
EM11210-03234,120
EM11227,120
EM11228-02211,120
EM11234-02224,120
EM11235-02251,120
EM170421,120
EM202164,120
EM202248,120
EM202249,120
EM202250,120
EM260003,120
EM260086,120
EM260290,120
EM260294,120
EM400130,140
EM400298-02231,120
EM400299-02231,120
EM400526,120
EM400527,120
EM400528,120
EM400884,140
EM400885,140
EM400946,140
EM401122,140
Em401230,140
EM500130,140
EM50090,120
EM70121,120
EM70127,120
EM70149,120
EM72101-03242,120
EM72106-05213,120
EM75108,120
EM80001-02253,120
EM80019,120
EM80021,120
EMP_O_16,120
ENG0001-C,140
ENG0001UPG78-C,140
ENG0003-C,140
ENG0003UPG78-C,140
ENG0004-C,140
ENG0004UPG78-C,140
ENG0005-C,140
ENG0005UPG78-C,140
ENG0007-C,140
ENG0007UPG78-C,140
ENG0008,140
ENMT_PRES_2-6_1-4 - 05234,120
ER-4,140
ER-RMKIT,140
ESTC-00319 - 05205,120
ET-LAV400,140
EV00199-05251,120
EV00200-05252,120
EVO_16_RO,120
EVO_COMP+16,120
EVO_EXP_16,120
EVO_NMT_T - 05232,120
EVO_RO_01005,120
F3W43AA,140
F72-2GN-AL3 - 06214,120
FA00005,140
FA00011,140
FA00016-SN2419,140
FA00104-1045,140
FA00138,140
FA00139,140
FA00139RF-1,140
FA00147,140
FA00147RF-2,140
FA00183,140
FA00205,140
FA00220,140
FA00301,140
FA00302,140
FA00303,140
FA00WR75RF-2,140
FB-Bagplade,140
FB-Betonmagnet,140
FB-BTN160320160,140
FB-Fingermøtrik,140
FB-Patent,140
FB-Pottemagnet,140
FB-PRE100320160-001,140
FB-PRE160320160-001,140
FB-Skærmskive,140
FB-Øjebolt,140
FLE_S_A,120
Fotoba Firmware,140
FR_1-4_PA_2000 - 05204,120
FSSE.22,140
FT05-004,120
FT05-222,120
FT05-225,120
FUS_103X32_2A,120
GDONGLE,140
GDONGLE-C,140
GS+365894.0,120
H21652,140
HDM191910V1.4,140
HDM19192FV1.4,140
HDM19193FV1.4,140
HDM19195V1.4,140
HW.KEY.FLEXI,140
IBM038A,140
J-239,120
J-239-5478,140
K-FIBER2LC-ST,140
KipCut,140
KTD-INSP6000B/2G,140
KTH9600BS/4G,140
M220VCTCV,120
MA402000,120
MA9047000011,120
MC7710412,120
MG1/0,140
MG20L,120
MIX160160160001,140
MODGR5,140
MONGG10FB,140
MP_M24V - 05216,120
MP41A0838,140
MP41B0838,140
MT_39X8X1,120
NCDIENST,140
"NR 10,0/6",140
OM1600,140
PANET-LAV300-0827,120
PAP40I000,140
PCFE12634A-New production,140
PDS,140
PG - APM060FP-16,120
PHCVS,140
PHIRS193-17603,120
PHTIASR16-07401,140
PHTICL-FW,120
PHTICL-LITE,140
PHTICL-PU,120
PHTICT500,140
PHTIEIR-07302,140
PHTIJB6,140
PMH Epic ECO BLK,120
PMH Epic ECO WHT,120
PMH-INS,140
POP08|000,140
POP40I000,140
PPHKM1024,120
PPHKM1024H42,140
PPHKM512MN - 05246,120
PPHKO83236,120
PRICRC,140
PROHDMIHD15,140
PSEGA25112,140
PSPZMD111,140
PSPZMN111,140
PSRFA40,140
PUNTREO_L_5VR,120
Purepower11,140
R50SFNG,120
RBC43,140
REG_C-LINEA_6 - 05214,120
Reprototyper,140
R-ESTC-00127,140
R-ESTC-00160,140
R-ESTC-00219,120
R-ESTC-00282CSQ,140
R-ESTC-00359,140
R-ESTC-00667 - 05224,120
RJ45,140
R-KIT_PANT_SEGEVO - 05201,120
RM16M00,140
R-MP/AC-00148,140
R-MP/AC-00149,140
S-BAS100244122FSC,140
SIL_P_1-4 - 05226,120
SL1317RF-1,140
SN16227,140
SN1816690040301,140
SN3090,140
T30S-SN3820151900029,140
Tablecutting,140
TAPA_MET - 05225,120
TC-USBCETH,140
TC-USBETH/BL,140
TEMPO_220_V,120
TL1310-CI0241-0110,140
TL1625,140
TL1625 PLC,140
TL1625-BC0200-0110,140
TL1625-BF0169-0110,140
TL1625C,140
TL1625CRF-2,140
TL1625C-RF-BG0162-0110,140
TRAFO_E200_220,120
TU0425BU-20,120
UAP-AC-PRO,140
UC232A,140
UCE60,140
UDM-PRO,140
USB3.0ACF,140
USB3.0ACFW,140
USB3.0AAF3B,140
USBAAF5B,140
UTP6005W,140
UTP601W,140
UTP602W,140
UTP603W,140
UTP605W,140
VAL_ESC-R_1_4,120
VD_3-2_4,120
VDN_52_32_14B - 05233,120
VPLAST16,140
W125727579,140
WMP600N-EU,140
WP00001,120
WPSUP-599,140
WR16-EMB-003 - 05202,120
Y2XPPBL,140
Y2XPPCL,140
Y3XPPCL,140
100013,140
10098,120
10201,120
1021016658,140
103205004,120
103205005,120
1036789,120
10501,120
10502,120
10503,120
10504,120
10505,120
10506,120
10507,120
10508,120
10509,120
10510,120
10511,120
10512,120
10513,120
10514,120
10515,120
10516,120
10517,120
10518,120
10519,120
10520,120
10521,120
10522,120
10523,120
10524,120
10525,120
10526,120
10527,120
10528,120
10529,120
10530,120
10531,120
10532,120
10533,120
10534,120
10535,120
10536,120
10537,120
10538,120
10539,120
10540,120
10541,120
10542,120
10543,120
10544,120
10545,120
10546,120
10547,120
10548,120
10549,120
10550,120
10551,120
10552,120
10553,120
10554,120
10555,120
10556,120
10557,120
10558,120
10559,120
10560,120
10561,120
10562,120
10563,120
10564,120
10565,120
10566,120
10567,120
10568,120
10569,120
10570,120
10571,120
10572,120
10573,120
10574,120
10575,120
10576,120
10577,120
10578,120
10579,120
10580,120
10581,120
10583,120
10584,120
10585,140
10586,140
10587,140
10588,140
10589,140
10590,140
10591,140
10592,140
10593,140
10594,140
10595,140
10596,140
10597,140
10598,140
10599,140
10600,140
10601,140
10602,140
10603,140
10604,140
10605,140
10606,140
1071083,120
1071091,120
110,120
1101,140
1102,140
1103,140
1104,140
1105,140
1106,140
1106111,120
1107,140
1108,140
1109,140
110940037,140
1110,140
1111,140
1112,140
1113,140
1114,140
1115,140
1116,140
1117,140
1118,140
1119,140
1120,140
112002000,140
1121,140
1121861,140
1122,140
112240999,120
112241712,120
1123,140
1124,140
1125,140
1126,140
1127,140
1129,140
113,140
1145,140
11482110,140
116,140
118,500
118436600,120
119034152,120
119034155,120
119034163,120
119034321,120
119039270,120
119040651,140
119042209,140
12001,140
12002,140
12003,120
120233958,120
120234778,120
120236758,120
120237078,120
120238582,120
120239727,120
120240822,120
120240847,120
120240848,120
12050,120
12073,140
121,120
122134851,120
122142001,120
1222,120
1242320,120
1242486,120
1247133,140
1257484,120
1258425,120
129033202,120
129037178,120
129038532,120
129038534,120
129039788,120
129039789,120
129041648,120
130115,120
13101,140
13701,140
1401,140
1402,140
1403,140
1404,140
1405,140
1406,140
1407,140
1408,140
1409,140
1410,140
1410342000,140
1411,140
1412,140
1413,140
1414,140
1415,140
1416,140
1417,140
1418,140
1420,140
1421,140
1422,140
1423,140
1424,140
1425,140
1426,140
1427,140
1428,140
1429,140
1430,140
1431,140
1432,140
1433,140
1434,140
1434802,120
1435,140
1436,140
1437,140
1438,140
1439,140
1440,140
1441,140
1442,140
1443,140
1444,140
1445,140
1446,140
1447,140
1448,140
1449,140
1450,140
1451,140
1452,140
1453,140
1454,140
1455,140
1456,140
1457,140
1458,140
1459,140
1460,140
1461,140
1468,140
1469,140
1470,140
1471,140
1472,140
1473,140
1474,140
159,140
1596475,140
1667288,140
16672940,140
17181,120
1719236,120
1725613,120
1725662,120
1747220,140
18832,120
198,140
20,140
20005,500
20006,500
20007,500
20008,500
20009,500
20010,500
20011,500
20012,500
20013,500
2006056,120
2006057,120
20200,500
20201,500
20202,500
20203,500
20204,500
20205,500
20206,500
20207,500
20208,500
20209,500
21001000,120
21001001,120
21001002,120
21001003,120
211030779,120
211032025,140
211032035,140
211032045,140
211121263,120
211121267,120
211130934,120
211134744,120
211134783,120
211139294,120
213130771,120
213132668,120
215121312,120
215132055,120
215132593,120
215133799,140
215134067,120
215134079,120
215134085,120
215134092,120
215134093,120
215134108,120
215134552,120
215134739,120
215134741,140
215134743,120
215135134,120
215135135,120
215136779,120
215136878,120
215136920,140
215137149,140
215137151,140
215137162,140
215137235,140
215138042,140
215138070,120
215138071,140
215139269,120
215139292,120
215139293,120
215139924,120
216141992,140
2165887,120
219961234,120
220101,500
220102,500
220103,500
220104,500
220105,500
220106,500
2204670,120
2210024,140
2210035,140
2210047,140
2210064,140
2210066,140
2210101,140
222,140
222039641,120
222039642,120
222039683,120
222039684,120
225,140
230531331,120
230537199,120
231,140
2326940,120
237136995,120
237136996,120
237136999,120
237137000,120
2400019,140
2400021,140
2412670,120
241338861,120
243130967,140
243130969,140
243133734,140
243134475,140
243141345,140
244033589,120
244235082,120
25,120
251,140
251131303,120
251133844,120
251134162,120
251135421,120
251138490,140
251139872,120
251162932,120
251235212,120
251235424,120
251241765,120
251333662,120
251335078,999
251434565,140
251460145,120
251469126,120
251469188,120
251469966,120
252330483,120
252331872,120
252334166,120
252340015,120
252360580,120
252363289,120
252363290,120
252363366,140
252363371,120
252363374,120
252363752,120
252367882,120
252533915,120
253635147,120
254031130,120
254032062,120
254033789,120
254034243,120
254062234,120
254062635,120
254130686,120
254134047,120
254136904,120
254230507,120
254230646,120
254230689,120
254230690,120
254230952,120
254231042,120
254231133,120
254232046,120
254232078,120
254234837,120
254235626,120
254236907,120
254236913,140
254239181,120
254239862,120
254241951,120
254241953,120
254262487,120
254430520,120
254430915,120
254436922,120
255534631,120
255534714,120
255560564,120
257131039,120
258,140
259,140
260,140
261,140
262,140
271434680,140
2715412400,120
272036940,120
272438120,120
272441645,120
272441646,120
272636601,120
272833901,120
272833902,120
272834628,120
272834629,120
272837159,120
272838590,120
272838591,120
272933900,120
274231291,120
275460201,120
277632162,120
277639369,120
277639372,120
277639374,140
277733513,120
277733584,140
277734750,120
277736967,120
277738106,120
277767500,120
278538597,120
278931436,120
278934436,120
278938598,120
278940855,120
279163692,120
279232707,120
279534536,120
279538593,120
279539371,120
279539373,120
279539394,120
279541628,140
279542375,140
279638398,120
279734049,120
279737107,120
285,120
287,120
288,120
28891540,140
28891580,140
290,120
291,120
291000159,120
292,120
294,120
295,120
296,120
297,140
298,120
299,120
303,120
304,120
305,120
306,140
307,140
308,140
309,140
312,120
315,140
316,140
317,140
318,120
320,120
32001,120
321,120
327147,140
33001,120
33002,120
33003,120
33004,120
33005,120
33006,120
33009,120
34,140
3404415,120
344,120
35,140
35001,140
35002,140
35003,140
35004,140
35005,140
35006,140
350157,120
37,140
3939210,140
399,120
3997727,120
40,120
4000,140
40001,500
40002,500
40003,500
40004,500
40005,500
40006,500
401,500
4011913,140
402,500
4023146006824,140
4028,120
403,500
404931015,120
4054,120
4060,140
4069,120
4094,120
410020,120
410021,140
410022,140
410023,140
410024,140
410025,140
410026,120
410027,140
4120,140
4172,120
440001,500
440002,500
440003,500
440004,500
44001,140
44002,140
44003,140
44004,140
44005,140
44006,140
44007,140
44008,140
44015,140
44016,140
44017,140
44020,140
44021,140
44022,140
44023,140
44024,140
4405,140
4411,140
4429,140
450133905,120
45185027,140
45232512,140
463958001,140
4649,120
4666,120
4712,140
480001,140
480002,140
480003,140
480004,140
480005,140
480006,140
480010,140
480011,140
480012,140
480013,140
480014,140
480016,140
480017,140
480018,140
480019,140
480020,140
480021,140
4805,140
4806,140
4807,140
4808,140
4819,140
4823,140
4831,120
4848,120
4870,120
4871,120
4890,120
4983,140
4994,120
4995,120
4996,120
4996,120
500669,140
50109,140
50150,140
502075,120
5049041,120
50900,500
50901,500
50902,500
50903,500
50904,500
50905,500
50906,500
50907,500
50908,500
50909,500
50910,500
50911,500
50912,500
50913,500
50950,500
51,140
518233,120
52,120
521035,140
53,120
552638,120
552646,120
552653,120
553156,120
553206,120
563334,120
563425,120
563542,120
563605,120
563621,120
563633,120
563722,120
563734,120
566737,120
567073,120
6,120
6100031,120
6501528,120
667145464,120
667175020,120
667355110,120
667355130,120
667355140,120
667355420,120
6862680,120
6862696,120
69,120
6904259,140
69042850,140
69043670,140
69072760,140
7012104,120
70150,140
70250,140
7049,120
706655,120
71025,140
71027,140
71210,140
71508,140
71509,140
71510,140
71511,140
71512,140
71513,140
71514,140
71515,140
71519,140
71520,140
71521,140
71522,140
71523,140
71524,140
71528,140
71531,140
71532,140
71533,140
71534,140
7214007,120
72500,140
72502,140
72503,140
72505,140
72506,140
72517,140
72518,140
7261569,140
7308,120
740889,140
740890,140
7457,120
77011,140
771143,140
771153,140
772060,140
7744,120
7745,120
7897889,120
790002,140
7930508905,140
7936025165,140
8046206,120
8401,140
8402,140
8403,140
8404,140
8405,120
8406,140
8407,140
8408,140
8409,140
8410,140
8411,140
8412,140
8413,140
8414,140
8416,120
867110260,120
867140093,120
867140103,120
867150140,120
867150170,120
867150814,120
867230184,120
885137,120
89375,140
900,140
9000,140
900196,120
900460,120
90141,140
904912,120
905018,120
905158,120
9202100535,120
9203312412,120
9205101827,120
9205102467,140
9205102477,140
93041,140
93042,140
9330000097,120
95,120
95001,140
95002,140
95003,140
95004,140
95005,140
95006,140
95007,140
9710061200,120
97732,140
98209,140
98220,120
98238,120
982410,120
98249,120
98459,120
9880867110,120
98880,120
98924,120
99011,120
99040,120
99041,120
99042,120
99044,120
992016580,120
99259,140
996160,120
999936526,120
999939095,120
999939200,120
999941979,120
