number;Price (EUR);dkk
1006446;7000;52220
555.10.76.01;1793;13375,78
1014662;447;3334,62
402.05.23;2504;18679,84
401.07.71;3196;23842,16
560.14.60;5634;42029,64
401.07.76;5378;40119,88
560.19.09;6800;50728
560.14.12;5994;44715,24
401.07.84;1774;13234,04
401.07.92;1158;8638,68
400.07.72;4401;32831,46
401.07.55;1973;14718,58
401.07.80;2476;18470,96
400.07.50;1755;13092,3
401.05.98;1736;12950,56
401.06.60;3320;24767,2
401.05.63;1546;11533,16
401.05.88;1707;12734,22
401.05.80;1793;13375,78
401.07.20;2978;22215,88
401.05.95;2210;16486,6
401.05.90;4923;36725,58
403.05.00;7046;52563,16
526.00.26;7057;52645,22
502.02.50;617;4602,82
511.00.63;541;4035,86
410.07.59;1508;11249,68
30.04.222;152;1133,92
1011996;138;1029,48
560.14.25;275;2051,5
500.00.51;143;1066,78
502.02.91;12;89,52
513.00.06;171;1275,66
500.00.38;62;462,52
502.00.61;295;2200,7
530.21.00;503;3752,38
400.40.13;532;3968,72
556.50.84;256;1909,76
556.51.98;134;999,64
403.40.11;143;1066,78
440.20.47;128;954,88
512.23.60;351;2618,46
512.23.13;86;641,56
500.01.16;475;3543,5
500.00.64;238;1775,48
415.01.21;124;925,04
560.23.25;1148;8564,08
417.01.17;285;2126,1
415.12.38;228;1700,88
426.04.09;162;1208,52
560.23.05;598;4461,08
505.05.99;200;1492
401.05.13;219;1633,74
511.00.16;76;566,96
505.06.72;456;3401,76
500.25.12;46;343,16
500.15.12;58;432,68
500.40.12;62;462,52
415.01.37;41;305,86
400.15.06;19;141,74
512.23.31;475;3543,5
512.23.32;532;3968,72
512.23.30;380;2834,8
512.23.35;1679;12525,34
556.52.76;788;5878,48
556.52.73;2789;20805,94
556.60.24;806;6012,76
556.51.70;608;4535,68
556.51.74;636;4744,56
556.51.71;608;4535,68
556.51.58;673;5020,58
556.51.73;608;4535,68
556.51.99;608;4535,68
556.51.53;636;4744,56
911.00.92;854;6370,84
911.00.91;864;6445,44
556.52.61;465;3468,9
556.52.65;395;2946,7
556.51.00;4458;33256,68
1004476;67;499,82
530.10.96;134;999,64
530.10.23;190;1417,4
530.10.97;134;999,64
530.10.33;190;1417,4
530.10.18;190;1417,4
506.20.90;4240;31630,4
512.02.51;1243;9272,78
512.02.50;1508;11249,68
430.10.09;1281;9556,26
430.10.17;740;5520,4
430.10.27;636;4744,56
430.14.08;1955;14584,3
430.06.25;1053;7855,38
430.10.10;1642;12249,32
430.10.00;1546;11533,16
430.14.00;2362;17620,52
526.00.37;5368;40045,28
28.03.008;4;29,84
30.10.250;579;4319,34
560.14.26;2694;20097,24
505.13.50;1072;7997,12
401.20.05;124;925,04
1007668;134;999,64
435.02.04;52;387,92
503.05.38;29;216,34
512.21.03;1935;14435,1
512.21.05;551;4110,46
505.04.88;1233;9198,18
512.21.02;986;7355,56
512.00.66;190;1417,4
440.22.97;332;2476,72
555.00.16;636;4744,56
575.13.02;997;7437,62
500.25.13;34;253,64
500.30.13;24;179,04
500.40.13;26;193,96
502.09.33;219;1633,74
501.45.10;35;261,1
501.17.10;31;231,26
501.30.10;32;238,72
501.12.10;143;1066,78
501.38.10;35;261,1
501.14.10;28;208,88
501.11.10;35;261,1
512.02.95;162;1208,52
506.27.04;91;678,86
505.06.77;152;1133,92
501.55.10;76;566,96
501.16.11;32;238,72
416.03.52;200;1492
502.09.32;114;850,44
501.17.09;45;335,7
505.20.16;76;566,96
501.28.11;41;305,86
403.02.54;52;387,92
416.02.20;76;566,96
501.23.11;32;238,72
501.38.11;35;261,1
560.14.33;26;193,96
501.35.11;43;320,78
502.55.11;52;387,92
505.12.17;18;134,28
501.55.11;41;305,86
502.02.13;16;119,36
506.20.09;41;305,86
501.63.09;41;305,86
501.45.09;35;261,1
500.15.22;33;246,18
501.55.09;41;305,86
401.04.99;104;775,84
500.40.22;35;261,1
500.20.22;33;246,18
502.05.25;46;343,16
502.05.55;12;89,52
400.02.23;5;37,3
512.02.94;162;1208,52
506.27.10;162;1208,52
401.06.37;86;641,56
403.02.92;95;708,7
400.03.26;38;283,48
401.03.14;21;156,66
401.08.25;114;850,44
575.12.04;977;7288,42
575.12.24;4;29,84
416.04.04;456;3401,76
506.21.10;332;2476,72
505.05.43;219;1633,74
270.13.01;1253;9347,38
30.07.240;67;499,82
30.07.239;35;261,1
30.07.238;43;320,78
27.01.017;76;566,96
540.03.02;82;611,72
506.35.07;76;566,96
575.13.01;238;1775,48
511.00.01;195;1454,7
505.301.2;114;850,44
505.80.11;361;2693,06
540.02.13;399;2976,54
505.400.2;180;1342,8
505.320.2;152;1133,92
505.375.2;162;1208,52
505.306.2;152;1133,92
506.35.08;1470;10966,2
560.14.32;29;216,34
560.14.86;275;2051,5
60.50.085;6611;49318,06
555.10.72.00;1727;12883,42
512.50.85;67;499,82
506.30.35;256;1909,76
560.15.91;238;1775,48
560.10.07;551;4110,46
560.14.97;58;432,68
560.15.36;617;4602,82
560.14.43;91;678,86
512.22.29;576;4296,96
547.00.34;134;999,64
560.14.81;228;1700,88
560.14.09;67;499,82
560.30.25;275;2051,5
560.15.27;71;529,66
560.10.26;636;4744,56
502.00.11;342;2551,32
90.20.017;645;4811,7
560.34.21;124;925,04
560.14.37;24;179,04
502.02.89;28;208,88
505.10.03;23;171,58
401.05.45;43;320,78
560.01.21;285;2126,1
505.04.20;91;678,86
560.10.15;42;313,32
505.05.44;38;283,48
440.21.17;36;268,56
401.50.23;6;44,76
401.03.10;25;186,5
505.03.91;48;358,08
400.25.13;18;134,28
512.50.35;82;611,72
400.50.13;23;171,58
502.02.07;18;134,28
560.10.14;48;358,08
400.05.69;20;149,2
401.04.11;6;44,76
400.03.12;13;96,98
400.50.33;38;283,48
401.02.56;15;111,9
556.25.04;22;164,12
401.50.16;9;67,14
401.50.17;20;149,2
401.50.09;52;387,92
506.33.82;1385;10332,1
421.00.79;247;1842,62
512.24.41;1499;11182,54
512.02.12;1385;10332,1
505.80.12;238;1775,48
506.35.30;162;1208,52
512.02.15;285;2126,1
440.22.98;503;3752,38
506.35.20;4315;32189,9
505.05.77;26;193,96
430.11.24;27;201,42
575.12.29;15;111,9
560.11.15;256;1909,76
512.22.26;523;3901,58
575.11.20;6;44,76
430.08.07;52;387,92
418.10.34;41;305,86
430.20.07;95;708,7
430.10.45;12;89,52
506.20.16;42;313,32
555.03.25;41;305,86
417.01.09;200;1492
556.06.08;27;201,42
28.11.206;475;3543,5
29.01.230;67;499,82
29.01.065;41;305,86
911.06.39;190;1417,4
505.13.63;816;6087,36
415.12.09;389;2901,94
415.12.10;389;2901,94
30.03.004;104;775,84
22000445;371;2767,66
402.25.77;361;2693,06
502.06.62;275;2051,5
401.02.23;1566;11682,36
440.20.44;114;850,44
437.00.24;275;2051,5
560.14.61;285;2126,1
401.41.13;82;611,72
417.01.37;62;462,52
401.01.03;200;1492
556.26.27;673;5020,58
556.26.26;749;5587,54
556.29.27;2685;20030,1
556.25.06;835;6229,1
556.02.02;210;1566,6
556.02.54;617;4602,82
556.02.05;821;6124,66
440.20.04;67;499,82
440.21.13;114;850,44
440.22.12;266;1984,36
402.25.46;227;1693,42
403.25.15;977;7288,42
505.10.89;6336;47266,56
1023482;882;6579,72
402.25.13;456;3401,76
575.10.07;152;1133,92
506.33.16;806;6012,76
440.20.22;38;283,48
430.10.38;11;82,06
560.32.19;389;2901,94
501.45.02;104;775,84
501.23.02;91;678,86
505.12.02;95;708,7
505.20.02;275;2051,5
501.30.02;104;775,84
501.17.02;91;678,86
506.20.63;285;2126,1
505.03.17;247;1842,62
1021055;238;1775,48
512.02.02;2248;16770,08
401.10.35;41;305,86
400.25.32;42;313,32
505.12.20;5264;39269,44
60.10.202;361;2693,06
60.10.305;399;2976,54
60.10.306;778;5803,88
60.34.501;228;1700,88
60.34.601;266;1984,36
60.34.503;219;1633,74
60.34.302;546;4073,16
60.10.309;645;4811,7
60.34.505;295;2200,7
60.34.300;143;1066,78
60.34.200;71;529,66
60.10.300;143;1066,78
60.12.300;62;462,52
60.10.500;200;1492
60.12.500;82;611,72
60.34.500;134;999,64
60.34.600;171;1275,66
506.30.75;323;2409,58
26.06.008;62;462,52
575.10.51;332;2476,72
416.04.17;389;2901,94
501.43.17;114;850,44
506.35.05;124;925,04
560.01.53;210;1566,6
505.80.17;33;246,18
560.10.13;67;499,82
560.10.21;256;1909,76
560.14.01;238;1775,48
560.14.11;76;566,96
501.12.08;91;678,86
400.03.53;25;186,5
501.30.08;82;611,72
501.45.08;104;775,84
501.38.08;95;708,7
501.40.08;1357;10123,22
501.23.08;82;611,72
502.05.24;560;4177,6
502.05.34;52;387,92
502.05.44;52;387,92
502.05.54;76;566,96
501.06.08;82;611,72
505.00.75;2665;19880,9
502.02.53;62;462,52
401.00.09;1338;9981,48
502.02.45;2457;18329,22
506.30.24;351;2618,46
505.80.15;238;1775,48
40.09.006;152;1133,92
29.01.968;18;134,28
419.00.33;104;775,84
505.16.40;2457;18329,22
1015452;1688;12592,48
560.14.84;617;4602,82
560.14.30;180;1342,8
512.22.79;1395;10406,7
29.01.236;124;925,04
414.12.10;845;6303,7
418.01.42;62;462,52
505.05.41;104;775,84
30.07.815;9;67,14
440.00.52;210;1566,6
440.00.51;266;1984,36
440.00.53;256;1909,76
440.00.57;210;1566,6
440.00.59;210;1566,6
1028909;114;850,44
560.23.60;1233;9198,18
560.23.00;493;3677,78
1005446;7578;56531,88
435.00.25;408;3043,68
1020704;8024;59859,04
555.10.72.04;2533;18896,18
555.10.72.01;1926;14367,96
555.13.10.01;2362;17620,52
555.13.10.10;2969;22148,74
900.27.20;14075;104999,5
555.13.61.02;3643;27176,78
555.13.61.01;2950;22007
512.60.01;323;2409,58
480.01.39;484;3610,64
480.16.19;162;1208,52
480.40.19;228;1700,88
400.02.16;40;298,4
506.20.32;30;223,8
513.00.08;67;499,82
556.50.85;134;999,64
540.03.06;86;641,56
556.50.86;104;775,84
505.04.22;371;2767,66
505.80.13;48;358,08
505.03.92;58;432,68
560.11.31;475;3543,5
556.51.86;82;611,72
505.05.45;48;358,08
556.50.97;38;283,48
505.04.86;180;1342,8
560.14.78;104;775,84
540.03.07;95;708,7
430.10.35;45;335,7
560.14.38;171;1275,66
575.11.26;18;134,28
540.04.24;380;2834,8
502.02.16;27;201,42
419.00.10;32;238,72
419.00.29;48;358,08
505.200.7;104;775,84
512.01.31;95;708,7
512.02.14;162;1208,52
505.05.48;134;999,64
90.02.055;1;7,46
560.11.05;82;611,72
416.03.60;266;1984,36
410.07.04;47;350,62
511.00.10;399;2976,54
400.05.22;124;925,04
560.14.40;275;2051,5
430.10.03;171;1275,66
419.00.23;134;999,64
430.20.03;523;3901,58
436.00.51;44;328,24
505.05.38;408;3043,68
417.01.10;152;1133,92
502.03.10;389;2901,94
401.05.09;816;6087,36
450.21.01;36;268,56
400.07.25;152;1133,92
400.05.42;143;1066,78
416.100.9;11;82,06
430.06.21;1736;12950,56
500.20.02;295;2200,7
500.25.02;304;2267,84
500.30.02;323;2409,58
500.40.02;361;2693,06
506.35.01;1205;8989,3
400.07.26;71;529,66
430.30.03;1091;8138,86
512.30.22;180;1342,8
1010824;2438;18187,48
512.23.22;95;708,7
505.04.90;124;925,04
512.23.21;134;999,64
506.31.91;266;1984,36
512.23.44;389;2901,94
512.50.47;162;1208,52
506.31.92;389;2901,94
401.10.95;3224;24051,04
401.10.96;2514;18754,44
401.10.49;1992;14860,32
526.00.54;2770;20664,2
421.00.31;1499;11182,54
401.10.20;1746;13025,16
401.10.90;1916;14293,36
401.10.00;1879;14017,34
526.00.19;2172;16203,12
526.00.55;2826;21081,96
29.11.211;342;2551,32
530.11.30;228;1700,88
530.11.31;190;1417,4
505.13.65;8;59,68
575.12.31;6;44,76
417.01.87;26;193,96
400.13.14;62;462,52
556.50.66;12;89,52
417.01.92;23;171,58
401.03.98;31;231,26
400.25.31;21;156,66
505.12.12;41;305,86
506.20.18;52;387,92
505.12.13;11;82,06
512.03.78;275;2051,5
560.11.20;82;611,72
415.01.61;4;29,84
512.02.96;228;1700,88
547.01.03;712;5311,52
401.14.02;256;1909,76
401.14.01;76;566,96
403.60.00;418;3118,28
401.60.10;456;3401,76
27.20.180;10;74,6
27.20.240;12;89,52
27.20.124;10;74,6
511.01.61;228;1700,88
418.00.15;48;358,08
440.05.45;304;2267,84
440.05.46;180;1342,8
416.04.24;1451;10824,46
416.05.25;532;3968,72
415.01.02;39;290,94
415.12.02;39;290,94
418.01.18;91;678,86
416.04.45;1537;11466,02
440.05.68;219;1633,74
440.05.69;162;1208,52
400.03.87;28;208,88
401.08.30;1423;10615,58
401.08.31;2694;20097,24
401.02.31;684;5102,64
401.16.35;2713;20238,98
502.04.25;769;5736,74
527.01.49;1158;8638,68
440.05.21;2201;16419,46
440.05.22;2409;17971,14
440.08.23;2372;17695,12
440.09.23;2353;17553,38
440.05.20;1357;10123,22
401.23.03;930;6937,8
400.04.79;1822;13592,12
400.06.58;1299;9690,54
402.06.02;1129;8422,34
401.09.14;864;6445,44
401.12.73;1053;7855,38
401.23.00;778;5803,88
401.23.05;1129;8422,34
401.23.10;684;5102,64
401.23.70;1062;7922,52
401.08.01;2646;19739,16
505.01.15;52;387,92
556.51.06;219;1633,74
505.80.14;41;305,86
410.07.55;67;499,82
436.00.54;43;320,78
502.00.14;104;775,84
410.07.03;58;432,68
530.20.74;190;1417,4
560.18.74;62;462,52
506.33.18;43;320,78
400.07.33;62;462,52
555.10.19;3;22,38
501.43.19;38;283,48
560.18.75;162;1208,52
555.10.31;47;350,62
501.38.55;11;82,06
580.00.33;29;216,34
555.11.02;62;462,52
560.18.20;62;462,52
501.43.21;43;320,78
501.43.20;104;775,84
506.30.61;210;1566,6
1000415;190;1417,4
440.05.79;200;1492
560.34.15;351;2618,46
505.10.06;82;611,72
1006056;275;2051,5
1006051;104;775,84
558.00.07;512;3819,52
558.00.06;503;3752,38
558.00.23;371;2767,66
558.00.02;304;2267,84
558.00.01;266;1984,36
532.01.93;31;231,26
502.05.65;3917;29220,82
560.32.17;721;5378,66
575.13.77;1224;9131,04
575.13.76;1224;9131,04
575.13.79;1224;9131,04
575.13.72;1290;9623,4
575.13.75;1224;9131,04
575.13.67;1224;9131,04
507.320.0;1224;9131,04
28.09.377;7;52,22
28.09.372;4;29,84
28.11.397;332;2476,72
28.11.380;62;462,52
30.08.095;162;1208,52
512.23.28;247;1842,62
546.12.00;6412;47833,52
1028458;1490;11115,4
1023860;1490;11115,4
575.11.01;1186;8847,56
575.11.00;1158;8638,68
556.51.35;371;2767,66
911.06.21;4221;31488,66
556.52.01;1679;12525,34
556.51.87;3178;23707,88
556.51.89;1840;13726,4
440.05.50;503;3752,38
400.09.10;493;3677,78
401.05.65;523;3901,58
401.01.20;323;2409,58
512.20.48;15981;119218,26
512.20.46;9295;69340,7
540.00.07;86;641,56
540.01.08;228;1700,88
540.02.07;143;1066,78
555.00.80;436;3252,56
555.07.25;6554;48892,84
575.10.49;12;89,52
506.30.08;67;499,82
505.80.95;295;2200,7
506.39.01;816;6087,36
506.31.20;588;4386,48
506.31.22;921;6870,66
506.31.16;314;2342,44
505.80.69;5927;44215,42
506.37.21;25569;190744,74
506.39.10;9731;72593,26
512.31.60;9779;72951,34
505.02.55;1859;13868,14
505.03.60;1698;12667,08
505.11.05;2210;16486,6
505.11.41;6288;46908,48
505.11.10;4419;32965,74
506.34.68;12965;96718,9
506.34.69;13467;100463,82
505.06.02;2798;20873,08
505.04.77;7644;57024,24
505.80.79;7189;53629,94
505.80.68;8195;61134,7
555.07.15;200;1492
570.00.06;2599;19388,54
570.00.60;4050;30213
575.10.13;892;6654,32
506.30.95;541;4035,86
560.13.62;12538;93533,48
560.16.04;4050;30213
560.15.81;6715;50093,9
560.15.80;6042;45073,32
505.80.54;456;3401,76
560.14.76;380;2834,8
555.10.55.21;3747;27952,62
30.04.550;7;52,22
511.01.10;873;6512,58
511.01.40;1233;9198,18
555.02.44;1414;10548,44
30.04.010;124;925,04
28.04.036;5;37,3
28.04.105;6;44,76
556.01.04;16;119,36
505.04.05;503;3752,38
505.04.15;825;6154,5
505.04.85;1793;13375,78
515.04.05;1849;13793,54
1014319;4354;32480,84
403.04.86;162;1208,52
400.50.06;25;186,5
400.25.12;17;126,82
402.25.07;76;566,96
400.25.69;38;283,48
20501370;43;320,78
440.80.23;673;5020,58
430.10.01;266;1984,36
430.20.01;740;5520,4
505.13.52;162;1208,52
430.10.02;294;2193,24
430.14.02;1025;7646,5
430.20.02;740;5520,4
560.40.70;219;1633,74
440.21.07;180;1342,8
530.20.76;190;1417,4
512.23.25;16;119,36
547.01.23;40;298,4
505.04.51;15;111,9
22025861;86;641,56
1018987;399;2976,54
555.03.02;5862;43730,52
400.23.35;901;6721,46
560.01.19;20;149,2
575.13.65;512;3819,52
575.13.61;493;3677,78
506.125.0;427;3185,42
506.260.5;608;4535,68
575.13.59;493;3677,78
506.105.3;418;3118,28
575.13.66;684;5102,64
575.13.63;475;3543,5
1025305;645;4811,7
575.13.62;475;3543,5
512.24.57;2353;17553,38
506.105.9;684;5102,64
575.13.43;427;3185,42
575.13.57;475;3543,5
506.117.0;418;3118,28
575.13.45;399;2976,54
575.13.56;475;3543,5
575.13.54;475;3543,5
575.13.40;475;3543,5
505.096.6;162;1208,52
575.13.41;493;3677,78
575.13.52;475;3543,5
512.24.40;2096;15636,16
575.13.60;475;3543,5
512.21.46;1224;9131,04
575.13.48;475;3543,5
575.13.44;475;3543,5
575.13.49;475;3543,5
575.13.47;475;3543,5
575.13.51;475;3543,5
505.04.01;351;2618,46
575.13.46;475;3543,5
575.13.42;475;3543,5
512.21.36;1395;10406,7
512.21.35;2172;16203,12
512.21.13;1129;8422,34
506.210.7;655;4886,3
506.090.5;1897;14151,62
506.26.64;143;1066,78
512.21.12;835;6229,1
512.22.70;731;5453,26
506.215.5;598;4461,08
505.200.5;721;5378,66
506.235.7;617;4602,82
506.180.5;532;3968,72
505.235.5;579;4319,34
506.235.5;523;3901,58
506.096.5;418;3118,28
505.208.5;977;7288,42
506.096.3;418;3118,28
506.105.5;418;3118,28
508.180.5;1006;7504,76
505.048.0;901;6721,46
512.21.45;1879;14017,34
506.320.1;684;5102,64
506.285.5;1707;12734,22
505.375.1;873;6512,58
505.306.1;806;6012,76
505.320.0;371;2767,66
512.21.67;4762;35524,52
512.25.03;6905;51511,3
512.23.16;2665;19880,9
506.200.6;617;4602,82
509.00.03;447;3334,62
509.00.24;399;2976,54
509.00.04;323;2409,58
509.00.02;418;3118,28
509.00.06;351;2618,46
509.00.22;1309;9765,14
509.00.16;910;6788,6
509.00.17;997;7437,62
512.21.71;2950;22007
512.50.92;361;2693,06
506.34.51;2372;17695,12
136313;1195;8914,7
29.02.121;4;29,84
512.50.88;6829;50944,34
31.00.030;2163;16135,98
1001705;2978;22215,88
470.01.02;2685;20030,1
460.01.05;3092;23066,32
460.02.03;2542;18963,32
470.01.03;2059;15360,14
470.04.05;2324;17337,04
460.05.03;2504;18679,84
460.04.03;2343;17478,78
470.04.02;2542;18963,32
470.04.07;2229;16628,34
1008065;2239;16702,94
31.02.020;2580;19246,8
470.16.05;2874;21440,04
460.41.07;5729;42738,34
470.40.03;3822;28512,12
1025997;2741;20447,86
1028157;2694;20097,24
1028413;2998;22365,08
1026003;2637;19672,02
1029092;2741;20447,86
560.10.65;46;343,16
1015850;3;22,38
90.02.001;247;1842,62
90.02.008;143;1066,78
1008773;3405;25401,3
560.14.51;48;358,08
506.20.13;171;1275,66
417.01.14;33;246,18
506.27.11;256;1909,76
440.20.53;361;2693,06
1010670;58;432,68
450.11.23;18;134,28
440.20.23;162;1208,52
440.22.15;560;4177,6
440.20.63;304;2267,84
440.20.03;134;999,64
440.21.12;38;283,48
418.01.33;14;104,44
418.01.15;14;104,44
402.04.52;31;231,26
401.04.39;114;850,44
417.01.34;40;298,4
401.03.73;76;566,96
418.00.33;14;104,44
501.43.25;740;5520,4
410.07.51;228;1700,88
40.01.212;4;29,84
415.01.55;95;708,7
415.12.35;67;499,82
1007423;314;2342,44
401.01.08;475;3543,5
30.04.016;35;261,1
401.03.66;475;3543,5
40.03.003;71;529,66
40.03.005;19;141,74
512.01.60;1129;8422,34
512.01.50;2144;15994,24
401.03.56;28;208,88
560.40.84;968;7221,28
560.40.81;968;7221,28
560.40.83;968;7221,28
556.50.10;2163;16135,98
400.06.76;523;3901,58
400.06.74;560;4177,6
420.00.98;219;1633,74
420.00.97;152;1133,92
29.01.039;95;708,7
1017824;673;5020,58
556.50.29;2542;18963,32
556.50.00;2305;17195,3
556.50.19;2542;18963,32
556.50.02;1357;10123,22
556.50.16;1755;13092,3
556.50.17;1992;14860,32
556.50.18;2296;17128,16
53.12.021;52;387,92
53.12.022;2;14,92
415.01.64;36;268,56
512.22.49;58;432,68
420.00.05;4202;31346,92
560.10.05;940;7012,4
27.08.124;10;74,6
560.01.27;82;611,72
400.70.10;7;52,22
400.70.15;7;52,22
400.70.18;8;59,68
400.71.02;39;290,94
400.70.14;143;1066,78
400.09.09;67;499,82
400.71.01;52;387,92
22000031;6;44,76
22000015;9;67,14
512.22.85;124;925,04
400.06.79;427;3185,42
560.34.70;351;2618,46
560.14.77;190;1417,4
560.34.23;219;1633,74
28.02.062;6;44,76
28.09.706.10000;134;999,64
28.09.706.2000;76;566,96
28.09.706.0550;67;499,82
28.09.721.1300;200;1492
28.09.719.2500;275;2051,5
28.09.721.3100;323;2409,58
28.09.720.1100;190;1417,4
500.00.26;465;3468,9
500.00.24;275;2051,5
500.00.25;304;2267,84
500.00.23;275;2051,5
502.02.67;162;1208,52
500.00.94;275;2051,5
500.00.95;332;2476,72
500.01.34;304;2267,84
521.00.06;323;2409,58
440.21.37;21;156,66
22017273;2880;21484,8
505.05.75;304;2267,84
500.40.76;295;2200,7
500.15.76;91;678,86
400.15.01;210;1566,6
512.01.51;361;2693,06
556.51.56;806;6012,76
400.40.18;134;999,64
441.00.21;1660;12383,6
500.20.76;114;850,44
501.45.01;266;1984,36
440.20.61;1120;8355,2
505.05.35;427;3185,42
505.20.01;788;5878,48
502.05.41;1148;8564,08
401.10.76;228;1700,88
400.25.76;180;1342,8
450.01.00;95;708,7
512.01.01;399;2976,54
556.50.58;361;2693,06
401.10.83;152;1133,92
418.01.01;408;3043,68
505.12.01;104;775,84
501.63.01;684;5102,64
556.51.66;351;2618,46
401.10.23;162;1208,52
505.03.52;371;2767,66
505.03.53;219;1633,74
560.40.40;7341;54763,86
502.05.61;634;4729,64
27.01.013;266;1984,36
28.09.712.0770;171;1275,66
28.09.725.3000;408;3043,68
28.09.706;7;52,22
430.11.70;3376;25184,96
99142.9.00;12680;94592,8
512.31.30;2618;19530,28
512.31.20;2239;16702,94
29.02.114;17;126,82
502.03.91;171;1275,66
30.04.039;82;611,72
29.01.113;200;1492
29.01.102;256;1909,76
440.05.03;986;7355,56
560.17.03;1262;9414,52
560.40.20;5179;38635,34
560.40.21;5179;38635,34
560.40.22;5179;38635,34
440.05.00;3016;22499,36
440.08.00;3016;22499,36
503.06.30;1924;14353,04
560.40.23;5179;38635,34
503.06.31;2048;15278,08
440.05.01;1868;13935,28
440.09.01;2153;16061,38
401.03.67;2609;19463,14
502.06.72;940;7012,4
502.06.70;749;5587,54
502.06.71;749;5587,54
506.20.17;71;529,66
440.21.30;48;358,08
440.21.26;67;499,82
401.03.16;43;320,78
1025525;266;1984,36
1025136;76;566,96
502.03.53;76;566,96
506.26.62;219;1633,74
416.03.50;91;678,86
502.03.56;436;3252,56
505.12.05;29;216,34
506.20.72;816;6087,36
512.22.97;180;1342,8
505.07.33;323;2409,58
540.02.10;71;529,66
540.02.19;44;328,24
540.00.10;23;171,58
560.41.62;21;156,66
400.02.26;12;89,52
90.02.058;3;22,38
435.00.30;20;149,2
435.00.29;19;141,74
435.02.05;1195;8914,7
911.05.21;371;2767,66
575.14.18;769;5736,74
1019928;1566;11682,36
540.00.00;5121;38202,66
540.02.00;4808;35867,68
505.04.59;1660;12383,6
505.80.59;2362;17620,52
505.80.67;2494;18605,24
505.11.12;2135;15927,1
506.39.21;2362;17620,52
506.39.22;2409;17971,14
575.10.10;2248;16770,08
506.37.04;3785;28236,1
506.37.07;3462;25826,52
506.37.06;3509;26177,14
505.80.58;2096;15636,16
30.05.570;1470;10966,2
30.05.519;399;2976,54
1009362;380;2834,8
22035511;86;641,56
31.00.710;104;775,84
40.07.017;46;343,16
401.23.76;2457;18329,22
506.27.13;162;1208,52
505.13.64;33;246,18
556.26.17;180;1342,8
436.00.70;35;261,1
556.26.15;190;1417,4
506.26.14;588;4386,48
506.20.20;114;850,44
575.10.06;76;566,96
555.20.08;152;1133,92
28.11.141;37;276,02
27.06.805;104;775,84
555.20.00;143;1066,78
555.20.01;180;1342,8
555.20.03;41;305,86
555.20.07;82;611,72
555.20.11;104;775,84
555.20.04;176;1312,96
556.61.79;134;999,64
555.20.05;91;678,86
512.02.37;712;5311,52
400.04.01;104;775,84
560.15.29;436;3252,56
400.03.59;447;3334,62
502.02.69;238;1775,48
502.02.65;2409;17971,14
540.01.80;1840;13726,4
540.01.75;523;3901,58
600.01.70;845;6303,7
403.41.02;1727;12883,42
403.42.00;1964;14651,44
502.02.40;551;4110,46
400.40.10;1224;9131,04
400.40.09;769;5736,74
401.41.09;655;4886,3
401.41.07;332;2476,72
401.41.01;332;2476,72
401.41.05;332;2476,72
401.41.06;332;2476,72
530.11.47;180;1342,8
28.12.016.2500;930;6937,8
28.12.016.5000;1233;9198,18
28.12.020.2000;968;7221,28
28.12.020.0460;892;6654,32
415.12.07;18;134,28
415.01.59;23;171,58
560.14.15;225;1678,5
450.00.17;1101;8213,46
402.26.07;1774;13234,04
99126.0.00;1214;9056,44
450.00.20;1177;8780,42
450.00.11;864;6445,44
450.00.21;1062;7922,52
1024888;940;7012,4
402.25.49;1622;12100,12
450.00.12;940;7012,4
403.25.94;3699;27594,54
402.26.57;1755;13092,3
1031191;968;7221,28
450.00.22;997;7437,62
450.00.23;882;6579,72
402.25.40;1148;8564,08
450.00.28;1120;8355,2
450.00.13;760;5669,6
450.00.04;882;6579,72
450.00.24;645;4811,7
403.25.12;3946;29437,16
450.00.26;835;6229,1
402.26.56;1566;11682,36
450.00.27;1062;7922,52
403.25.03;3643;27176,78
450.00.14;1062;7922,52
402.26.59;1470;10966,2
402.25.00;1205;8989,3
540.01.32;218;1626,28
1017765;3804;28377,84
502.03.54;1755;13092,3
401.05.83;134;999,64
512.24.52;275;2051,5
401.00.23;16;119,36
402.25.37;38;283,48
401.10.74;18;134,28
401.10.04;45;335,7
402.25.75;62;462,52
526.00.18;2040;15218,4
22031021;2400;17904
402.25.06;32;238,72
415.12.05;58;432,68
415.01.35;82;611,72
440.20.01;389;2901,94
450.11.48;104;775,84
450.10.11;371;2767,66
450.10.16;721;5378,66
415.12.25;219;1633,74
415.01.38;418;3118,28
415.12.24;503;3752,38
415.12.74;503;3752,38
402.04.74;323;2409,58
402.04.72;797;5945,62
403.04.73;910;6788,6
547.00.22;3035;22641,1
547.00.20;3083;22999,18
415.01.19;86;641,56
415.01.16;427;3185,42
450.11.21;23;171,58
415.01.36;36;268,56
415.01.42;58;432,68
440.20.20;114;850,44
440.20.60;200;1492
440.22.10;475;3543,5
441.00.67;408;3043,68
500.30.75;1612;12025,52
500.40.75;2343;17478,78
501.17.87;2628;19604,88
501.23.98;4989;37217,94
501.17.80;2267;16911,82
501.23.30;2466;18396,36
501.23.00;2181;16270,26
501.38.12;8858;66080,68
501.38.30;2807;20940,22
501.38.98;4904;36583,84
501.45.00;3054;22782,84
501.45.85;5586;41671,56
501.55.00;5388;40194,48
501.55.95;18636;139024,56
501.63.00;3785;28236,1
426.04.52;4894;36509,24
401.06.54;1253;9347,38
403.04.85;1451;10824,46
450.20.10;1129;8422,34
450.20.00;1044;7788,24
450.20.03;1177;8780,42
402.04.58;1299;9690,54
401.06.52;2229;16628,34
403.04.91;2210;16486,6
22021352;1034;7713,64
400.08.76;3016;22499,36
419.04.07;1973;14718,58
419.04.02;1850;13801
419.04.00;1822;13592,12
418.00.42;1243;9272,78
418.00.02;1120;8355,2
418.00.01;986;7355,56
418.00.00;1053;7855,38
415.12.36;958;7146,68
450.10.06;882;6579,72
418.01.09;1233;9198,18
419.01.08;2030;15143,8
418.01.00;910;6788,6
419.01.07;2030;15143,8
419.01.00;1357;10123,22
419.01.05;1414;10548,44
419.01.11;1533;11436,18
419.01.02;2040;15218,4
415.12.49;1016;7579,36
419.03.01;3396;25334,16
450.10.17;1006;7504,76
415.12.15;806;6012,76
415.12.00;693;5169,78
415.102.0;1527;11391,42
415.100.0;1148;8564,08
415.101.0;1451;10824,46
419.00.42;778;5803,88
419.00.43;1044;7788,24
419.00.54;2533;18896,18
419.00.55;1480;11040,8
419.00.48;854;6370,84
419.00.47;835;6229,1
401.06.53;1299;9690,54
403.04.26;1451;10824,46
403.04.25;1451;10824,46
403.04.21;2210;16486,6
403.04.20;2030;15143,8
505.11.42;4591;34248,86
27.06.226;389;2901,94
506.33.34;608;4535,68
560.17.20;7170;53488,2
501.00.39;673;5020,58
500.00.58;228;1700,88
560.20.29;162;1208,52
500.00.99;247;1842,62
560.30.07;2035;15181,1
560.08.66;1480;11040,8
512.60.00;617;4602,82
512.60.15;1433;10690,18
512.60.05;892;6654,32
560.15.70;712;5311,52
560.15.60;797;5945,62
560.15.75;1584;11816,64
560.14.96;930;6937,8
560.19.00;2912;21723,52
556.07.16;1793;13375,78
556.07.00;4078;30421,88
560.23.26;617;4602,82
560.08.67;295;2200,7
1027882;6014;44864,44
560.08.01;436;3252,56
402.05.66;9219;68773,74
512.20.83;532;3968,72
560.11.01;2637;19672,02
560.08.87;3178;23707,88
560.08.98;854;6370,84
560.31.15;3709;27669,14
560.14.28;523;3901,58
560.09.01;532;3968,72
560.08.91;436;3252,56
512.50.80;4449;33189,54
560.15.25;1357;10123,22
560.34.11;2096;15636,16
511.00.62;210;1566,6
401.05.35;1631;12167,26
560.34.51;10281;76696,26
560.30.55;1755;13092,3
560.20.63;13278;99053,88
560.20.62;9599;71608,54
440.05.70;930;6937,8
560.30.52;8100;60426
560.30.06;8384;62544,64
560.30.38;8489;63327,94
560.20.23;5909;44081,14
560.20.40;5549;41395,54
560.34.09;19974;149006,04
560.32.00;4506;33614,76
560.34.08;10850;80941
560.30.13;4638;34599,48
440.05.72;892;6654,32
403.07.80;5444;40612,24
403.05.42;5349;39903,54
401.05.40;2116;15785,36
506.33.94;2950;22007
560.08.90;541;4035,86
506.33.97;3092;23066,32
440.05.75;835;6229,1
555.15.35;7435;55465,1
440.05.76;1594;11891,24
560.20.11;4021;29996,66
560.08.00;1907;14226,22
560.08.10;1566;11682,36
560.30.57;8782;65513,72
512.20.82;1062;7922,52
560.10.33;1518;11324,28
560.34.22;1329;9914,34
560.40.61;1907;14226,22
560.17.80;1205;8989,3
560.41.89;873;6512,58
560.34.03;5823;43439,58
560.34.07;4714;35166,44
560.14.95;7379;55047,34
560.14.16;2229;16628,34
560.19.07;6355;47408,3
546.30.29;2077;15494,42
418.01.32;20;149,2
33.05.008;15;111,9
506.50.02;48;358,08
512.01.32;143;1066,78
650.03.28;2457;18329,22
426.04.05;104;775,84
30.04.027;13;96,98
1004182;114;850,44
575.12.06;210;1566,6
509.00.51;152;1133,92
512.24.03;380;2834,8
505.10.57;162;1208,52
512.24.01;210;1566,6
505.13.62;673;5020,58
401.02.46;34;253,64
401.04.85;48;358,08
450.11.05;76;566,96
403.04.71;493;3677,78
419.00.15;39;290,94
419.00.39;238;1775,48
419.00.19;152;1133,92
419.00.21;86;641,56
403.05.91;190;1417,4
560.02.47;418;3118,28
502.05.37;162;1208,52
502.08.23;48;358,08
500.01.37;323;2409,58
400.05.29;29;216,34
500.00.33;29;216,34
512.01.94;20;149,2
500.00.31;361;2693,06
500.00.34;40;298,4
500.00.36;67;499,82
505.20.13;52;387,92
512.02.98;104;775,84
28.11.514;62;462,52
403.50.05;560;4177,6
400.52.01;190;1417,4
400.50.04;332;2476,72
401.50.84;778;5803,88
401.50.26;684;5102,64
401.50.01;86;641,56
30.03.088;134;999,64
401.10.18;114;850,44
401.10.66;171;1275,66
401.10.67;361;2693,06
400.17.25;86;641,56
1013701;892;6654,32
1010863;778;5803,88
1010869;702;5236,92
1015439;740;5520,4
1010886;702;5236,92
1016229;655;4886,3
1016231;655;4886,3
1011193;702;5236,92
1010973;664;4953,44
1026914;797;5945,62
1018429;749;5587,54
1025548;627;4677,42
1018932;882;6579,72
1007506;627;4677,42
1014542;532;3968,72
1006822;484;3610,64
1017946;684;5102,64
1016251;617;4602,82
1013963;1044;7788,24
1010976;76;566,96
1010977;76;566,96
1010966;104;775,84
1025940;134;999,64
400.17.19;475;3543,5
560.42.03;418;3118,28
560.42.04;418;3118,28
560.42.02;418;3118,28
560.42.05;418;3118,28
560.42.06;418;3118,28
560.42.01;418;3118,28
560.42.07;418;3118,28
560.42.00;418;3118,28
400.25.48;25;186,5
505.20.15;152;1133,92
505.14.06;26;193,96
560.14.65;152;1133,92
403.02.57;31;231,26
506.20.74;806;6012,76
540.00.20;238;1775,48
512.01.88;27;201,42
512.23.23;36;268,56
512.02.97;143;1066,78
30.10.551;26;193,96
30.04.213;180;1342,8
575.14.01;2172;16203,12
415.101.5;91;678,86
40.05.015;14;104,44
40.05.016;14;104,44
40.05.017;10;74,6
40.05.168;58;432,68
40.02.245;295;2200,7
40.01.059;33;246,18
31.00.721;26;193,96
480.04.18;12;89,52
40.05.009;30;223,8
40.05.011;11;82,06
40.05.150;20;149,2
38.26.111;4;29,84
39.17.014;2;14,92
37.17.014;2;14,92
36.17.014;2;14,92
39.26.113;3;22,38
37.26.113;3;22,38
1028340;46;343,16
36.17.016;3;22,38
38.20.001;4;29,84
40.08.016;76;566,96
39.17.017;3;22,38
37.17.017;3;22,38
1026373;4;29,84
39.26.116;4;29,84
37.17.018;3;22,38
38.17.018;1;7,46
38.70.442;10;74,6
37.26.168;16;119,36
39.35.264;52;387,92
37.17.005;4;29,84
38.35.211;2;14,92
37.26.117;4;29,84
40.08.019;91;678,86
38.17.019;4;29,84
37.17.020;3;22,38
38.17.020;5;37,3
39.26.119;4;29,84
37.26.120;4;29,84
38.26.120;2;14,92
37.17.022;4;29,84
38.26.121;2;14,92
37.17.024;4;29,84
37.53.321;10;74,6
37.35.217;6;44,76
37.26.123;7;52,22
37.50.290;46;343,16
37.17.007;2;14,92
36.17.007;2;14,92
37.26.124;5;37,3
40.08.219;238;1775,48
37.26.126;5;37,3
37.17.028;5;37,3
39.26.128;6;44,76
39.17.008;2;14,92
37.17.008;2;14,92
36.17.008;2;14,92
38.17.008;1;7,46
40.08.131;418;3118,28
37.26.131;7;52,22
37.35.224;8;59,68
38.35.224;3;22,38
39.26.132;7;52,22
37.26.132;7;52,22
38.17.031;3;22,38
37.26.133;7;52,22
37.10.004;5;37,3
38.17.009;1;7,46
38.53.329;3;22,38
38.17.033;3;22,38
39.17.033;11;82,06
37.35.227;12;89,52
39.26.138;8;59,68
38.30.560;7;52,22
39.53.582;171;1275,66
37.26.146;10;74,6
37.35.232;12;89,52
37.10.006;3;22,38
38.10.006;2;14,92
38.26.109;2;14,92
39.17.011;2;14,92
37.17.011;2;14,92
37.26.150;11;82,06
38.26.151;4;29,84
37.17.041;13;96,98
39.10.085;11;82,06
38.53.339;4;29,84
38.17.044;4;29,84
400.07.88;1812;13517,52
400.05.95;266;1984,36
450.11.19;29;216,34
501.12.21;15;111,9
501.12.22;11;82,06
501.03.23;14;104,44
502.05.46;12;89,52
501.14.22;11;82,06
501.55.22;30;223,8
98107.1.02;76;566,96
502.05.56;12;89,52
501.11.23;8;59,68
501.40.23;18;134,28
501.63.22;42;313,32
501.55.21;27;201,42
501.30.23;15;111,9
501.18.22;14;104,44
501.17.22;11;82,06
501.20.22;12;89,52
501.30.22;16;119,36
501.11.21;9;67,14
501.06.22;8;59,68
501.38.22;27;201,42
401.02.27;14;104,44
402.04.39;25;186,5
98107.1.03;62;462,52
401.02.29;14;104,44
400.08.72;40;298,4
401.06.73;627;4677,42
400.17.47;82;611,72
401.04.76;14;104,44
401.04.92;12;89,52
503.00.06;32;238,72
502.09.43;52;387,92
503.00.70;46;343,16
503.00.84;45;335,7
503.00.66;35;261,1
503.00.63;35;261,1
503.00.69;35;261,1
503.00.33;32;238,72
503.00.03;29;216,34
503.00.99;52;387,92
503.00.75;41;305,86
503.00.00;29;216,34
401.04.66;200;1492
401.03.76;180;1342,8
501.38.07;76;566,96
500.25.78;71;529,66
575.12.30;21;156,66
500.40.78;67;499,82
560.14.56;104;775,84
450.21.04;12;89,52
400.07.37;19;141,74
505.04.98;86;641,56
505.12.15;48;358,08
402.04.62;71;529,66
560.34.16;493;3677,78
501.45.07;143;1066,78
401.03.74;86;641,56
502.05.96;46;343,16
502.05.33;627;4677,42
402.04.18;33;246,18
502.05.53;45;335,7
502.05.63;44;328,24
502.05.83;43;320,78
506.27.08;560;4177,6
512.01.74;71;529,66
401.06.36;134;999,64
403.05.92;180;1342,8
403.04.76;82;611,72
560.14.98;48;358,08
28.09.705.8500;190;1417,4
28.01.024;2;14,92
555.03.03;2135;15927,1
1029492;4249;31697,54
1025908;4373;32622,58
28.01.017;2;14,92
555.03.26;190;1417,4
530.02.42;2;14,92
530.02.14;2;14,92
505.16.29;3196;23842,16
470.01.04;82;611,72
400.40.27;19;141,74
500.40.04;247;1842,62
416.03.58;219;1633,74
506.37.51;797;5945,62
547.00.45;1375;10257,5
502.16.03;740;5520,4
400.03.70;152;1133,92
512.22.53;977;7288,42
500.25.04;180;1342,8
418.01.31;82;611,72
502.55.03;655;4886,3
401.10.02;152;1133,92
575.12.25;18;134,28
415.01.40;44;328,24
512.30.67;210;1566,6
430.10.04;67;499,82
502.05.11;1129;8422,34
506.33.24;579;4319,34
560.14.62;228;1700,88
430.20.04;238;1775,48
505.05.73;266;1984,36
402.25.03;76;566,96
400.25.30;67;499,82
401.10.22;134;999,64
512.01.62;134;999,64
418.00.31;95;708,7
504.05.97;1375;10257,5
502.05.32;143;1066,78
504.05.42;1290;9623,4
504.05.62;1395;10406,7
503.05.82;1006;7504,76
501.23.06;200;1492
501.14.06;134;999,64
505.20.22;266;1984,36
501.38.06;256;1909,76
512.01.05;152;1133,92
505.13.55;71;529,66
501.30.06;190;1417,4
501.63.06;427;3185,42
512.02.85;816;6087,36
418.10.35;82;611,72
506.27.24;134;999,64
506.27.28;200;1492
450.21.06;46;343,16
1009437;15165;113130,9
1024851;10253;76487,38
1009439;9503;70892,38
40.01.152;11;82,06
500.30.05;124;925,04
500.20.05;143;1066,78
500.15.05;134;999,64
505.05.46;104;775,84
415.01.13;19;141,74
506.27.22;76;566,96
400.04.06;62;462,52
400.03.05;124;925,04
512.31.23;493;3677,78
402.05.36;247;1842,62
512.30.63;910;6788,6
505.06.11;512;3819,52
401.06.69;95;708,7
430.10.31;104;775,84
575.12.23;24;179,04
575.12.33;35;261,1
430.08.05;171;1275,66
416.03.57;854;6370,84
512.01.06;58;432,68
430.10.20;134;999,64
401.02.19;9;67,14
400.09.12;62;462,52
501.43.09;2732;20380,72
506.27.21;323;2409,58
505.12.24;977;7288,42
506.27.05;532;3968,72
512.02.86;418;3118,28
506.27.31;2277;16986,42
506.27.23;210;1566,6
501.14.05;219;1633,74
505.20.04;143;1066,78
501.63.05;447;3334,62
512.01.04;143;1066,78
505.13.54;295;2200,7
501.23.45;2011;15002,06
401.10.31;162;1208,52
505.03.55;152;1133,92
512.02.84;465;3468,9
505.01.68;2049;15285,54
512.30.95;1053;7855,38
502.02.82;238;1775,48
540.03.04;46;343,16
440.21.16;62;462,52
505.11.02;200;1492
560.09.02;162;1208,52
505.281.0;104;775,84
505.280.9;67;499,82
505.10.68;30;223,8
560.08.08;256;1909,76
560.10.11;35;261,1
560.14.69;124;925,04
430.10.37;24;179,04
28.11.215;44;328,24
30.04.022;10;74,6
30.05.077;14;104,44
53.12.075;3;22,38
511.00.45;1698;12667,08
1023788;2931;21865,26
418.01.11;31;231,26
435.00.40;332;2476,72
511.00.20;23;171,58
506.33.40;2476;18470,96
30.09.005;134;999,64
555.03.35;2779;20731,34
555.03.31;1907;14226,22
400.15.00.160;627;4677,42
403.15.00.160;2030;15143,8
404.15.00.160;1774;13234,04
402.15.00;1205;8989,3
1007698;180;1342,8
28.10.024;31;231,26
555.07.42;1537;11466,02
560.40.75;1774;13234,04
30.07.831;114;850,44
575.14.15;929;6930,34
1011571;835;6229,1
1020431;351;2618,46
1009568;721;5378,66
505.03.57;8;59,68
401.02.20;9;67,14
419.00.30;11;82,06
1014794;541;4035,86
29.01.875;901;6721,46
29.01.883;1299;9690,54
29.01.880;1110;8280,6
556.05.30;636;4744,56
1019045;4562;34032,52
556.02.20;1401;10451,46
556.24.30;3130;23349,8
556.28.30;9712;72451,52
556.28.60;6203;46274,38
556.03.09;2144;15994,24
556.03.00;721;5378,66
556.03.25;1793;13375,78
1019043;4032;30078,72
1018991;2732;20380,72
556.25.30;2542;18963,32
556.01.00;921;6870,66
556.01.12;1243;9272,78
556.26.30;2902;21648,92
1026335;8441;62969,86
1026332;4923;36725,58
1026330;8043;60000,78
1026333;10253;76487,38
1019044;4041;30145,86
556.01.58;2713;20238,98
556.04.40;3054;22782,84
556.04.00;1612;12025,52
556.02.31;882;6579,72
556.27.30;7540;56248,4
560.15.61;171;1275,66
27.06.603;114;850,44
27.06.626;76;566,96
53.05.050;14;104,44
600.00.43;152;1133,92
560.14.42;58;432,68
418.01.04;25;186,5
540.00.16;91;678,86
540.02.16;104;775,84
401.02.26;4;29,84
560.14.50;247;1842,62
436.00.60;219;1633,74
505.05.72;323;2409,58
575.12.28;551;4110,46
575.12.36;238;1775,48
505.16.01;342;2551,32
575.12.32;76;566,96
505.12.03;95;708,7
506.20.04;256;1909,76
505.10.02;134;999,64
505.10.01;219;1633,74
530.20.75;342;2551,32
505.20.23;332;2476,72
512.01.98;18;134,28
30.04.559;16;119,36
55.03.005;6;44,76
40.01.090;17;126,82
40.01.094;22;164,12
33.05.002;15;111,9
40.06.015;7;52,22
400.08.02;389;2901,94
560.20.27;332;2476,72
560.14.49;655;4886,3
560.14.48;304;2267,84
560.14.45;304;2267,84
560.34.04;1973;14718,58
560.34.44;2665;19880,9
560.32.30;1423;10615,58
506.33.33;712;5311,52
400.21.10;134;999,64
500.00.67;190;1417,4
560.14.54;304;2267,84
556.27.70;769;5736,74
556.27.71;749;5587,54
555.00.77;58;432,68
560.40.31;5179;38635,34
560.40.32;5179;38635,34
560.40.33;5179;38635,34
556.27.84;380;2834,8
570.00.28;171;1275,66
556.27.90;143;1066,78
500.00.40;71;529,66
556.27.16;152;1133,92
556.27.95;104;775,84
512.22.16;91;678,86
27.06.324;12;89,52
27.06.332;23;171,58
556.27.67;134;999,64
556.27.92;228;1700,88
556.27.68;238;1775,48
27.06.330;12;89,52
560.15.43;475;3543,5
500.00.93;91;678,86
28.11.329;95;708,7
556.27.19;551;4110,46
414.12.11;740;5520,4
410.14.00;27;201,42
556.27.44;58;432,68
556.27.51;48;358,08
556.27.42;39;290,94
556.27.54;114;850,44
28.09.398;36;268,56
556.27.52;627;4677,42
547.00.79;134;999,64
556.27.94;304;2267,84
28.11.395;228;1700,88
502.02.75;86;641,56
418.01.43;124;925,04
540.00.49;152;1133,92
540.00.47;35;261,1
540.00.48;44;328,24
506.45.03;1470;10966,2
556.27.87;788;5878,48
29.01.240;41;305,86
435.00.26;114;850,44
512.22.10;2329;17374,34
435.01.15;1973;14718,58
526.00.30;1888;14084,48
435.00.15;1006;7504,76
415.01.65;760;5669,6
450.10.50;608;4535,68
512.23.76;114;850,44
501.55.16;58;432,68
501.40.16;25;186,5
501.25.16;25;186,5
501.28.16;25;186,5
506.34.83;189;1409,94
430.06.06;28;208,88
556.50.67;19;141,74
501.15.16;25;186,5
500.30.22;34;253,64
511.00.26;28;208,88
430.20.06;52;387,92
505.06.78;152;1133,92
401.50.12;13;96,98
506.26.61;114;850,44
505.20.12;134;999,64
513.00.07;67;499,82
505.12.06;62;462,52
506.20.19;71;529,66
505.12.26;693;5169,78
560.34.63;27;201,42
27.06.408;4;29,84
560.10.03;882;6579,72
560.11.52;2181;16270,26
560.41.88;1271;9481,66
560.13.29;493;3677,78
401.10.14;15;111,9
401.10.86;6;44,76
575.12.34;21;156,66
560.14.52;46;343,16
540.00.18;171;1275,66
575.11.42;16;119,36
505.12.11;20;149,2
560.08.04;16;119,36
501.63.14;42;313,32
501.13.14;49;365,54
450.01.19;25;186,5
505.13.60;17;126,82
501.45.14;33;246,18
402.25.42;58;432,68
501.18.14;29;216,34
501.30.14;32;238,72
40.10.060;3;22,38
416.04.59;52;387,92
403.05.96;124;925,04
28.07.070;12;89,52
28.04.010;5;37,3
512.24.42;26;193,96
511.01.64;128;954,88
511.00.64;12;89,52
511.01.07;503;3752,38
560.17.25;275;2051,5
560.10.63;104;775,84
547.00.48;104;775,84
505.06.53;3794;28303,24
400.17.44;95;708,7
400.17.35;162;1208,52
400.17.41;551;4110,46
505.14.05;21;156,66
506.21.16;152;1133,92
560.11.14;35;261,1
560.10.74;219;1633,74
400.08.70;162;1208,52
401.02.86;82;611,72
560.17.26;295;2200,7
556.05.34;67;499,82
402.25.44;31;231,26
400.04.09;21;156,66
506.27.09;210;1566,6
506.27.33;1138;8489,48
400.08.39;560;4177,6
28.03.152;5;37,3
440.10.26;503;3752,38
440.10.27;712;5311,52
450.11.49;91;678,86
440.10.24;503;3752,38
440.11.04;171;1275,66
418.10.36;76;566,96
430.14.00.01;22;164,12
400.03.00.01;35;261,1
415.12.00.01;76;566,96
505.05.58.01;52;387,92
502.03.30.01;67;499,82
401.10.70.01;36;268,56
506.34.05.01;91;678,86
506.34.04.01;91;678,86
401.10.45.01;40;298,4
400.03.41.01;27;201,42
401.03.41.01;27;201,42
415.12.25.01;33;246,18
450.00.01.01;40;298,4
450.00.02.01;40;298,4
506.30.39.01;91;678,86
430.10.10.01;31;231,26
430.10.17.01;31;231,26
401.05.98.01;104;775,84
403.04.70.01;36;268,56
450.20.01.01;36;268,56
450.20.02.01;76;566,96
502.05.30.01;41;305,86
512.21.84.01;52;387,92
430.20.00.01;40;298,4
402.04.71.01;31;231,26
415.100.0.01;95;708,7
401.23.07.01;82;611,72
512.06.90.01;104;775,84
415.01.32.01;31;231,26
556.51.73.01;43;320,78
415.01.30.01;31;231,26
400.02.37.01;31;231,26
502.02.69.01;32;238,72
400.06.57.01;134;999,64
418.00.01.01;82;611,72
400.06.35.01;33;246,18
440.05.03.01;31;231,26
401.23.90.01;67;499,82
505.06.40.01;266;1984,36
401.02.33.01;46;343,16
401.02.00.01;62;462,52
575.12.04.01;104;775,84
502.05.40.01;41;305,86
502.06.40.01;152;1133,92
419.00.01.01;58;432,68
403.25.91.01;48;358,08
502.05.50.01;76;566,96
502.06.11.01;67;499,82
400.03.55.01;38;283,48
502.02.62.01;399;2976,54
450.10.19.01;171;1275,66
526.00.19.01;190;1417,4
502.55.00.01;238;1775,48
505.22.25.01;86;641,56
418.01.00.01;143;1066,78
450.20.03.01;104;775,84
440.00.03.01;693;5169,78
450.10.07.01;190;1417,4
401.05.80.01;114;850,44
560.08.87.01;114;850,44
400.03.46.01;45;335,7
402.25.55.01;114;850,44
400.17.05.01;104;775,84
400.17.04.01;104;775,84
502.06.70.01;91;678,86
502.06.20.01;91;678,86
502.06.71.01;91;678,86
502.06.21.01;91;678,86
430.10.50.01;152;1133,92
440.08.23.01;219;1633,74
440.08.22.01;180;1342,8
505.16.40.01;171;1275,66
419.01.01.01;67;499,82
512.20.47.01;266;1984,36
419.00.43.01;104;775,84
419.00.46.01;134;999,64
419.00.06.01;104;775,84
512.02.51.01;45;335,7
512.02.50.01;45;335,7
403.25.15.01;45;335,7
501.30.70.01;134;999,64
419.04.02.01;162;1208,52
402.25.45.01;76;566,96
512.03.90.01;104;775,84
415.101.1.01;104;775,84
1024851,01;541;4035,86
440.00.00.01;399;2976,54
402.25.19.01;76;566,96
505.05.62.01;190;1417,4
500.15.75.01;152;1133,92
402.25.20.01;76;566,96
402.25.40.01;76;566,96
402.25.47.01;104;775,84
402.25.49.01;104;775,84
506.21.60.01;200;1492
450.10.17.01;71;529,66
450.10.20.01;71;529,66
575.12.05.01;152;1133,92
502.06.30.01;76;566,96
505.06.35.01;427;3185,42
418.01.10.01;76;566,96
501.55.95.01;645;4811,7
450.10.16.01;67;499,82
403.05.35.01;66;492,36
505.06.53.01;436;3252,56
556.51.53.01;67;499,82
560.15.35.01;71;529,66
1009370;24;179,04
402.26.00.01;82;611,72
401.00.09.01;49;365,54
419.01.07.01;124;925,04
401.10.00.01;86;641,56
402.05.17.01;67;499,82
1007624;71;529,66
506.26.20.01;484;3610,64
506.25.35.01;901;6721,46
560.30.09.01;124;925,04
440.05.51.01;314;2342,44
502.05.14.01;67;499,82
401.03.71.01;134;999,64
505.01.60.01;71;529,66
31.00.725;134;999,64
560.15.81.01;2343;17478,78
512.31.20.01;238;1775,48
512.31.30.01;238;1775,48
560.14.16.01;114;850,44
505.22.24.01;465;3468,9
31.00.722;238;1775,48
440.00.01.01;447;3334,62
502.28.00.01;114;850,44
402.25.31.01;58;432,68
502.38.00.01;210;1566,6
400.40.10.01;76;566,96
401.06.75.01;86;641,56
505.05.32.01;238;1775,48
430.10.72.01;171;1275,66
501.38.12.01;134;999,64
506.38.20.01;190;1417,4
501.45.52.01;86;641,56
505.06.25.01;408;3043,68
505.05.70.01;408;3043,68
402.26.70.01;104;775,84
402.04.40.01;210;1566,6
403.04.88.01;104;775,84
501.23.09.01;361;2693,06
401.06.76.01;82;611,72
401.05.81.01;124;925,04
502.21.00.01;95;708,7
401.05.10.01;71;529,66
512.02.90.01;200;1492
512.09.90.01;200;1492
501.23.80.01;314;2342,44
502.14.00.01;86;641,56
430.10.70.01;256;1909,76
505.06.61.01;408;3043,68
501.63.00.01;749;5587,54
501.23.00.01;314;2342,44
505.05.85.01;1062;7922,52
505.05.29.01;210;1566,6
440.05.23.01;456;3401,76
440.05.54.01;389;2901,94
440.05.88.01;389;2901,94
440.05.20.01;436;3252,56
440.05.52.01;399;2976,54
440.05.00.01;399;2976,54
506.20.60.01;361;2693,06
560.15.80.01;180;1342,8
506.30.37.01;91;678,86
505.03.60.01;124;925,04
505.02.55.01;124;925,04
512.01.90.01;200;1492
501.17.00.01;256;1909,76
500.20.75.01;171;1275,66
440.05.84.01;475;3543,5
501.45.00.01;493;3677,78
500.30.75.01;219;1633,74
501.30.00.01;342;2551,32
501.38.83.01;503;3752,38
506.27.20.01;493;3677,78
506.27.00.01;475;3543,5
601.00.13;1129;8422,34
547.00.50;389;2901,94
512.01.76;142;1059,32
560.14.34;67;499,82
512.21.87;342;2551,32
512.21.84;389;2901,94
505.03.84;806;6012,76
505.05.58;1262;9414,52
547.00.63;693;5169,78
506.260.8;124;925,04
506.200.7;104;775,84
506.250.8;86;641,56
506.117.1;71;529,66
505.112.8;71;529,66
506.180.8;82;611,72
505.235.8;95;708,7
506.215.8;124;925,04
506.096.2;76;566,96
506.096.6;76;566,96
506.240.8;114;850,44
506.105.8;67;499,82
506.270.4;134;999,64
506.125.8;76;566,96
506.245.8;82;611,72
506.210.6;114;850,44
506.306.8;219;1633,74
516.105.9;43;320,78
506.270.8;162;1208,52
506.115.8;82;611,72
506.220.9;104;775,84
506.320.2;418;3118,28
506.335.4;238;1775,48
505.270.8;48;358,08
506.390.4;210;1566,6
506.440.4;228;1700,88
506.420.4;180;1342,8
505.201.8;76;566,96
506.235.8;67;499,82
506.320.4;124;925,04
506.270.9;134;999,64
506.340.4;171;1275,66
506.350.4;171;1275,66
506.375.4;162;1208,52
506.306.4;124;925,04
505.208.8;114;850,44
506.410.4;210;1566,6
506.360.6;180;1342,8
506.310.4;171;1275,66
506.301.4;171;1275,66
505.096.8;228;1700,88
512.24.61;532;3968,72
512.24.62;532;3968,72
505.340.4;91;678,86
505.300.8;86;641,56
505.335.4;114;850,44
505.350.4;91;678,86
505.360.4;104;775,84
505.390.4;114;850,44
505.320.4;76;566,96
506.360.8;156;1163,76
560.40.43;465;3468,9
560.14.85;323;2409,58
502.03.99;67;499,82
506.20.64;124;925,04
560.14.31;82;611,72
502.03.97;104;775,84
556.50.30;551;4110,46
1013894;52;387,92
547.00.04;664;4953,44
547.00.26;731;5453,26
560.15.69;949;7079,54
450.11.25;8;59,68
1009661;1566;11682,36
556.51.05;210;1566,6
556.60.62;26;193,96
505.11.09;44;328,24
556.50.59;162;1208,52
560.10.34;949;7079,54
560.17.23;256;1909,76
560.14.92;162;1208,52
560.11.53;134;999,64
556.51.67;104;775,84
556.51.68;114;850,44
556.51.69;114;850,44
556.50.63;114;850,44
560.02.55;275;2051,5
504.05.40;3358;25050,68
502.05.99;892;6654,32
502.05.20;2865;21372,9
502.05.30;2153;16061,38
502.05.40;1584;11816,64
502.05.50;523;3901,58
502.05.60;1110;8280,6
502.14.00;4002;29854,92
502.21.00;1375;10257,5
502.06.00;1395;10406,7
556.60.69;238;1775,48
556.60.70;238;1775,48
556.51.60;275;2051,5
556.50.69;532;3968,72
505.80.82;541;4035,86
400.25.83;31;231,26
400.40.08;52;387,92
502.02.21;62;462,52
30.09.006;22;164,12
556.01.30;295;2200,7
560.14.23;58;432,68
30.03.012;7;52,22
540.03.05;71;529,66
540.03.09;82;611,72
501.20.15;76;566,96
501.40.15;76;566,96
410.07.52;52;387,92
502.02.90;23;171,58
401.04.17;76;566,96
501.28.18;82;611,72
501.25.15;71;529,66
401.02.52;24;179,04
501.63.15;134;999,64
560.15.71;598;4461,08
402.04.20;26;193,96
560.01.78;124;925,04
500.00.56;42;313,32
540.01.14;124;925,04
540.02.15;351;2618,46
40.01.010;13;96,98
40.09.007;171;1275,66
40.01.048;8;59,68
40.01.069;29;216,34
505.13.67;5;37,3
40.01.085;20;149,2
33.05.026;6;44,76
540.00.12;76;566,96
540.02.12;200;1492
1010674;5;37,3
400.04.00;873;6512,58
418.01.57;532;3968,72
401.02.80;608;4535,68
450.10.03;541;4035,86
1010842;436;3252,56
505.00.07;6336;47266,56
27.03.100;34;253,64
441.00.12;2220;16561,2
512.22.10.02;816;6087,36
505.01.60.02;1698;12667,08
512.31.30.02;523;3901,58
401.12.73.02;569;4244,74
503.05.50.02;551;4110,46
505.16.30.02;436;3252,56
502.05.30.02;86;641,56
505.00.55.02;380;2834,8
575.12.05.02;171;1275,66
430.10.17.02;58;432,68
440.05.50.02;34;253,64
540.00.00.02;2020;15069,2
501.12.00.02;873;6512,58
500.15.75.02;436;3252,56
400.07.90.02;143;1066,78
415.100.0.02;361;2693,06
521.00.07.02;42;313,32
415.01.38.02;95;708,7
501.15.80.02;892;6654,32
415.01.70.02;275;2051,5
501.17.80.02;873;6512,58
560.14.67.02;58;432,68
502.05.50.02;162;1208,52
505.05.88.02;1101;8213,46
575.11.01.02;190;1417,4
450.10.06.02;256;1909,76
512.02.51.02;82;611,72
547.01.12.02;5255;39202,3
556.51.71.02;104;775,84
556.51.73.02;104;775,84
501.23.20.02;1205;8989,3
505.13.50.02;134;999,64
401.23.01.02;532;3968,72
415.12.21.02;285;2126,1
527.01.49.02;210;1566,6
415.01.75.02;323;2409,58
450.20.04.02;247;1842,62
401.02.33.02;114;850,44
430.06.25.02;228;1700,88
402.05.07.02;35;261,1
419.00.00.02;95;708,7
526.00.41.02;816;6087,36
502.55.00.02;693;5169,78
555.15.22.02;1594;11891,24
450.00.12.02;171;1275,66
402.25.80.02;82;611,72
500.25.75.02;503;3752,38
401.02.31.02;124;925,04
402.05.22.02;1831;13659,26
440.00.02.02;569;4244,74
401.41.07.02;71;529,66
401.09.02.02;228;1700,88
430.10.33.02;219;1633,74
440.09.88.02;769;5736,74
501.17.95.02;2229;16628,34
512.23.75.02;806;6012,76
450.00.14.02;171;1275,66
450.20.02.02;256;1909,76
403.05.43.02;1025;7646,5
400.07.20.02;180;1342,8
403.07.81.02;1423;10615,58
401.03.20.02;314;2342,44
556.51.53.02;134;999,64
401.02.00.02;200;1492
402.04.73.02;124;925,04
415.12.24.02;82;611,72
450.00.22.02;152;1133,92
450.10.16.02;82;611,72
502.28.00.02;940;7012,4
415.100.9.02;275;2051,5
505.01.55.02;1694;12637,24
415.01.24.02;95;708,7
556.51.99.02;180;1342,8
450.10.17.02;104;775,84
450.10.11.02;95;708,7
403.04.18.02;598;4461,08
556.52.65.02;82;611,72
450.20.00.02;342;2551,32
419.00.01.02;104;775,84
512.31.20.02;608;4535,68
526.27.00.02;1271;9481,66
401.07.78.02;930;6937,8
560.19.07.02;702;5236,92
401.06.76.02;702;5236,92
512.22.00.02;134;999,64
401.06.30.02;921;6870,66
501.15.95.02;1983;14793,18
401.41.00.02;82;611,72
560.14.18.02;778;5803,88
419.00.43.02;399;2976,54
440.08.88.02;342;2551,32
430.10.27.02;104;775,84
501.55.00.02;1110;8280,6
505.05.82.02;1110;8280,6
560.30.09.02;854;6370,84
501.45.85.02;3045;22715,7
502.05.64.02;152;1133,92
526.00.19.02;711;5304,06
403.04.91.02;797;5945,62
1018835,02;3320;24767,2
1021907,02;1423;10615,58
400.07.77.02;864;6445,44
401.06.88.02;342;2551,32
502.16.00.02;228;1700,88
430.10.72.02;636;4744,56
502.06.10.02;190;1417,4
540.02.00.02;1803;13450,38
441.00.41.02;617;4602,82
501.23.00.02;636;4744,56
521.00.00.02;418;3118,28
440.00.01.02;617;4602,82
418.00.10.02;238;1775,48
505.22.26.02;968;7221,28
430.10.50.02;617;4602,82
502.06.21.02;275;2051,5
400.03.00.02;361;2693,06
500.30.75.02;523;3901,58
30.10.550;104;775,84
501.38.95.02;3016;22499,36
505.01.85.02;342;2551,32
501.17.00.02;579;4319,34
560.08.00.02;380;2834,8
501.17.87.02;427;3185,42
560.14.12.02;1053;7855,38
505.05.29.02;503;3752,38
512.20.48.02;721;5378,66
401.05.98.02;608;4535,68
419.04.02.02;949;7079,54
417.01.02.02;645;4811,7
401.06.75.02;1499;11182,54
506.25.35.02;5568;41537,28
419.01.01.02;560;4177,6
401.08.30.02;342;2551,32
430.10.10.02;503;3752,38
450.20.01.02;82;611,72
400.06.58.02;532;3968,72
440.08.54.02;541;4035,86
502.38.00.02;371;2767,66
502.05.14.02;180;1342,8
440.08.21.02;797;5945,62
401.04.00.02;427;3185,42
502.05.60.02;152;1133,92
402.25.30.02;598;4461,08
419.00.49.02;645;4811,7
401.07.83.02;721;5378,66
560.14.16.02;825;6154,5
502.14.00.02;200;1492
501.30.00.02;684;5102,64
440.05.23.02;769;5736,74
430.20.00.02;484;3610,64
402.25.47.02;598;4461,08
401.10.00.02;835;6229,1
419.03.00.02;1148;8564,08
440.05.84.02;797;5945,62
401.05.10.02;484;3610,64
402.04.74.02;124;925,04
400.05.50.02;512;3819,52
401.03.71.02;427;3185,42
419.01.00.02;712;5311,52
501.43.01.02;1423;10615,58
419.00.42.02;1120;8355,2
401.10.59.02;778;5803,88
401.05.30.02;845;6303,7
417.01.30.02;456;3401,76
440.05.22.02;892;6654,32
440.05.88.02;655;4886,3
440.05.51.02;901;6721,46
440.05.58.02;721;5378,66
506.20.60.02;986;7355,56
512.03.90.02;210;1566,6
505.02.55.02;493;3677,78
440.05.54.02;873;6512,58
419.04.00.02;845;6303,7
401.13.03.02;152;1133,92
512.09.90.02;769;5736,74
512.01.90.02;769;5736,74
506.27.20.02;1670;12458,2
506.27.00.02;1670;12458,2
540.01.15;28;208,88
502.02.54;33;246,18
540.00.08;295;2200,7
556.51.61;1338;9981,48
1029791;295;2200,7
560.11.97;835;6229,1
1004448;523;3901,58
1004413;1508;11249,68
1004416;1508;11249,68
1009996;1631;12167,26
500.15.15;71;529,66
505.20.18;30;223,8
402.25.32;104;775,84
512.30.66;25;186,5
502.02.18;114;850,44
501.18.12;114;850,44
501.20.12;295;2200,7
501.25.13;104;775,84
501.30.12;82;611,72
501.63.13;134;999,64
512.02.92;342;2551,32
505.05.86;17;126,82
1025936;95;708,7
27.06.206;579;4319,34
27.06.208;608;4535,68
560.15.92;275;2051,5
27.06.509;256;1909,76
540.00.09;190;1417,4
540.02.09;361;2693,06
40.01.024;19;141,74
40.01.031;19;141,74
40.01.053;52;387,92
40.01.009;15;111,9
40.01.013;12;89,52
29.01.722;2324;17337,04
415.12.04;40;298,4
560.10.69;162;1208,52
506.20.12;134;999,64
450.11.29;24;179,04
30.03.212;14;104,44
560.09.42;219;1633,74
555.14.77;76;566,96
555.14.82;104;775,84
555.20.02;124;925,04
530.10.21;33;246,18
440.10.14;332;2476,72
1004654;4041;30145,86
28.11.364;190;1417,4
28.11.362;62;462,52
28.11.410;104;775,84
28.11.404;43;320,78
28.07.091;34;253,64
560.21.06;190;1417,4
575.14.16;2229;16628,34
556.05.32;152;1133,92
560.16.40;45;335,7
560.10.06;190;1417,4
560.10.64;114;850,44
51.03.150;4;29,84
31.00.720;26;193,96
28.09.567.7000;645;4811,7
28.09.567.8000;1053;7855,38
28.09.566.4950;399;2976,54
28.09.563.1600;91;678,86
28.09.564.1600;150;1119
28.09.920.1000;456;3401,76
911.00.02;664;4953,44
502.02.05;285;2126,1
512.50.81;389;2901,94
1006081;152;1133,92
1007639;134;999,64
540.00.05;91;678,86
650.03.45;299;2230,54
650.03.46;299;2230,54
505.80.16;52;387,92
558.00.18;180;1342,8
30.03.061;62;462,52
30.03.095;162;1208,52
506.30.57;171;1275,66
650.00.23;295;2200,7
650.00.26;314;2342,44
650.00.24;152;1133,92
650.00.21;399;2976,54
650.00.27;608;4535,68
650.00.14;228;1700,88
650.00.00;4458;33256,68
650.00.20;1651;12316,46
28.09.429;62;462,52
28.09.416;26;193,96
555.00.84;91;678,86
556.27.45;285;2126,1
512.01.90;1907;14226,22
506.37.64;5529;41246,34
505.06.60;3851;28728,46
505.05.82;3737;27878,02
505.06.30;6431;47975,26
505.05.80;2637;19672,02
505.06.25;2448;18262,08
505.06.35;3765;28086,9
505.05.88;8802;65662,92
505.06.80;4041;30145,86
525.05.62;12804;95517,84
540.00.01;295;2200,7
556.05.31;238;1775,48
440.21.91;266;1984,36
505.16.06;11;82,06
505.04.91;19;141,74
430.10.30;32;238,72
430.10.26;32;238,72
400.07.81;152;1133,92
560.20.28;134;999,64
400.06.38;13;96,98
401.10.85;95;708,7
401.10.87;32;238,72
401.10.75;62;462,52
512.50.20;247;1842,62
512.50.23;219;1633,74
400.07.68;636;4744,56
400.07.64;636;4744,56
400.07.86;48;358,08
403.05.08;219;1633,74
400.07.69;104;775,84
400.08.69.22;864;6445,44
400.01.09;380;2834,8
400.01.13;266;1984,36
400.01.14;285;2126,1
403.05.03;436;3252,56
403.05.11;608;4535,68
556.27.76;285;2126,1
403.15.08;24;179,04
40.01.127;6;44,76
40.01.121;46;343,16
40.01.130;52;387,92
401.02.58;52;387,92
555.10.54.05;4667;34815,82
555.10.54.08;5017;37426,82
555.10.54.28;6146;45849,16
555.10.54.01;4506;33614,76
575.14.02;5397;40261,62
540.01.24;31;231,26
511.00.28;22;164,12
501.30.03;219;1633,74
501.55.03;342;2551,32
501.45.03;380;2834,8
402.25.94;62;462,52
501.38.03;228;1700,88
506.20.03;266;1984,36
501.63.03;371;2767,66
501.09.03;219;1633,74
512.01.71;171;1275,66
90.02.003;124;925,04
506.20.61;1138;8489,48
512.24.53;304;2267,84
506.27.01;1631;12167,26
556.30.10;275;2051,5
402.05.59;1138;8489,48
547.01.05;1243;9272,78
540.01.22;82;611,72
400.05.58;219;1633,74
402.25.01;152;1133,92
401.05.41;361;2693,06
401.08.09;238;1775,48
502.02.92;143;1066,78
415.01.01;95;708,7
415.12.01;104;775,84
410.07.54;394;2939,24
402.05.27;351;2618,46
430.10.34;351;2618,46
450.11.06;104;775,84
560.14.27;371;2767,66
401.07.35;2817;21014,82
440.21.78;523;3901,58
440.21.82;456;3401,76
401.05.58;1793;13375,78
403.05.41;2418;18038,28
402.05.28;930;6937,8
400.15.27;921;6870,66
30.05.046;475;3543,5
501.55.04;275;2051,5
501.30.04;114;850,44
500.30.77;266;1984,36
500.20.77;266;1984,36
500.25.77;266;1984,36
400.15.28;882;6579,72
501.38.04;152;1133,92
501.28.04;104;775,84
401.00.04;152;1133,92
400.21.06;33;246,18
402.25.83;210;1566,6
400.20.06;33;246,18
402.25.82;91;678,86
402.05.33;58;432,68
506.27.12;228;1700,88
506.27.34;1433;10690,18
418.01.30;351;2618,46
418.10.30;447;3334,62
418.10.02;588;4386,48
560.15.33;389;2901,94
560.15.35;408;3043,68
418.01.10;418;3118,28
418.00.10;512;3819,52
505.10.17;171;1275,66
512.02.99;475;3543,5
512.03.75;447;3334,62
401.00.01;314;2342,44
419.00.36;389;2901,94
402.04.45;124;925,04
401.03.42;427;3185,42
401.04.75;210;1566,6
450.21.00;91;678,86
401.03.31;238;1775,48
401.07.93;82;611,72
401.02.49;104;775,84
401.05.30;1158;8638,68
401.06.30;2779;20731,34
419.00.40;749;5587,54
419.00.31;1253;9347,38
419.00.02;304;2267,84
400.06.75;1584;11816,64
441.00.54;3765;28086,9
401.05.78;721;5378,66
401.05.75;1025;7646,5
401.05.81;1299;9690,54
400.03.46;788;5878,48
400.03.41;342;2551,32
401.03.20;456;3401,76
401.03.41;864;6445,44
401.03.33;399;2976,54
440.05.51;1233;9198,18
440.05.52;1290;9623,4
440.08.52;1177;8780,42
402.05.15;1746;13025,16
440.05.84;977;7288,42
440.05.54;1110;8280,6
440.08.84;854;6370,84
440.08.54;1718;12816,28
401.06.02;1016;7579,36
401.07.83;1072;7997,12
401.06.75;2902;21648,92
401.03.71;655;4886,3
401.23.04;693;5169,78
440.05.88;1423;10615,58
440.05.58;2703;20164,38
440.08.88;1205;8989,3
440.08.58;2068;15427,28
440.09.88;1868;13935,28
440.09.58;2722;20306,12
403.05.10;6260;46699,6
400.02.21;361;2693,06
403.02.84;295;2200,7
560.13.16;588;4386,48
400.02.84;210;1566,6
401.03.21;512;3819,52
401.05.89;1214;9056,44
401.02.04;210;1566,6
400.06.96;1944;14502,24
400.06.95;958;7146,68
400.06.94;1072;7997,12
400.06.70;1385;10332,1
400.09.21;2618;19530,28
555.00.78;92;686,32
547.00.18;816;6087,36
403.02.56;256;1909,76
560.34.59;1163;8675,98
400.02.46;190;1417,4
400.04.61;29;216,34
440.21.27;285;2126,1
440.21.04;134;999,64
418.01.13;71;529,66
402.04.14;52;387,92
400.03.17;52;387,92
440.21.22;171;1275,66
402.04.19;45;335,7
402.05.34;95;708,7
419.00.34;256;1909,76
502.02.28;62;462,52
419.00.11;134;999,64
400.06.39;82;611,72
401.04.10;41;305,86
400.02.18;23;171,58
417.01.32;180;1342,8
419.00.16;134;999,64
419.00.13;351;2618,46
502.02.12;58;432,68
419.00.14;256;1909,76
417.01.07;104;775,84
418.00.11;95;708,7
418.00.16;95;708,7
419.00.05;171;1275,66
419.00.04;247;1842,62
419.00.07;371;2767,66
419.00.09;399;2976,54
440.21.41;71;529,66
440.21.48;295;2200,7
400.03.34;76;566,96
400.02.22;40;298,4
417.01.27;152;1133,92
403.04.74;171;1275,66
440.21.54;304;2267,84
402.05.24;202;1506,92
403.04.10;247;1842,62
417.02.32;436;3252,56
400.02.34;134;999,64
401.04.96;304;2267,84
400.03.97;266;1984,36
400.06.43;143;1066,78
401.00.28;285;2126,1
435.00.11;361;2693,06
401.07.41;332;2476,72
401.05.26;332;2476,72
401.02.83;285;2126,1
401.02.82;285;2126,1
401.03.46;332;2476,72
401.10.39;541;4035,86
401.10.05;162;1208,52
401.10.25;114;850,44
502.02.80;190;1417,4
400.05.31;48;358,08
401.00.06;52;387,92
505.06.71;295;2200,7
501.15.20;71;529,66
400.10.03;86;641,56
501.45.20;114;850,44
547.01.04;342;2551,32
500.25.11;134;999,64
505.10.22;58;432,68
575.12.26;17;126,82
501.40.20;76;566,96
500.15.11;134;999,64
501.25.20;71;529,66
502.04.26;50;373
505.20.08;76;566,96
505.20.07;76;566,96
402.25.79;702;5236,92
401.02.57;52;387,92
400.17.30;162;1208,52
505.03.83;114;850,44
400.02.87;67;499,82
403.04.24;228;1700,88
575.12.35;62;462,52
500.40.11;143;1066,78
401.03.53;806;6012,76
502.02.09;52;387,92
501.20.20;71;529,66
501.45.19;76;566,96
402.26.77;171;1275,66
512.01.56;62;462,52
500.30.11;134;999,64
502.02.55;16;119,36
400.25.55;52;387,92
500.20.11;134;999,64
511.00.42;42;313,32
401.04.73;82;611,72
401.04.12;82;611,72
502.02.56;20;149,2
502.02.31;24;179,04
400.25.05;58;432,68
502.02.37;52;387,92
560.09.04;71;529,66
501.28.20;71;529,66
501.63.20;82;611,72
501.30.20;76;566,96
502.02.08;48;358,08
501.13.19;67;499,82
402.13.12;67;499,82
505.03.63;71;529,66
501.63.19;82;611,72
501.38.20;76;566,96
502.02.22;52;387,92
501.30.19;71;529,66
501.32.20;76;566,96
501.35.20;76;566,96
560.34.12;503;3752,38
502.02.11;52;387,92
560.34.53;1101;8213,46
410.07.57;134;999,64
402.04.13;124;925,04
501.19.20;71;529,66
401.10.27;256;1909,76
502.02.10;52;387,92
400.15.07;62;462,52
501.23.59;1755;13092,3
512.01.07;76;566,96
400.25.29;58;432,68
501.18.19;67;499,82
505.03.25;71;529,66
505.12.07;67;499,82
501.20.19;71;529,66
512.01.91;76;566,96
560.08.03;76;566,96
506.20.10;95;708,7
400.05.76;46;343,16
401.60.02;143;1066,78
400.04.42;228;1700,88
505.01.73;247;1842,62
512.02.87;247;1842,62
505.01.75;304;2267,84
512.02.91;190;1417,4
401.03.38;541;4035,86
512.03.74;408;3043,68
512.03.76;408;3043,68
440.21.25;162;1208,52
440.21.32;180;1342,8
440.21.05;162;1208,52
440.21.08;465;3468,9
401.08.07;104;775,84
501.70.01;275;2051,5
501.70.04;1148;8564,08
501.70.05;1158;8638,68
501.13.20;371;2767,66
501.70.00;427;3185,42
402.25.14;162;1208,52
400.25.70;91;678,86
400.25.23;143;1066,78
400.25.21;143;1066,78
401.25.28;475;3543,5
505.06.79;247;1842,62
401.03.83;380;2834,8
403.25.11;200;1492
403.05.95;238;1775,48
560.09.41;664;4953,44
401.03.15;91;678,86
403.05.93;418;3118,28
401.06.35;152;1133,92
403.04.12;247;1842,62
401.06.78;124;925,04
501.17.60;854;6370,84
505.12.27;389;2901,94
506.22.18;523;3901,58
501.30.29;447;3334,62
501.45.37;778;5803,88
401.10.89;389;2901,94
401.10.91;331;2469,26
504.02.09;579;4319,34
402.25.24;134;999,64
400.03.98;152;1133,92
401.10.77;380;2834,8
504.02.24;418;3118,28
401.25.06;493;3677,78
400.02.89;152;1133,92
401.06.44;399;2976,54
401.25.29;371;2767,66
401.25.05;389;2901,94
402.25.11;256;1909,76
401.16.32;436;3252,56
504.02.22;380;2834,8
501.38.61;655;4886,3
401.08.13;636;4744,56
400.15.04;82;611,72
401.16.13;143;1066,78
401.10.92;170;1268,2
402.25.84;210;1566,6
505.03.65;114;850,44
505.03.54;95;708,7
401.10.07;380;2834,8
402.26.78;247;1842,62
400.05.72;40;298,4
505.13.56;114;850,44
400.15.30;569;4244,74
402.25.36;71;529,66
402.25.05;62;462,52
401.10.78;361;2693,06
505.12.08;91;678,86
512.01.86;48;358,08
512.02.89;190;1417,4
512.01.85;104;775,84
512.03.77;447;3334,62
512.02.88;342;2551,32
401.06.33;134;999,64
401.06.79;95;708,7
505.12.28;266;1984,36
401.03.37;332;2476,72
1022977;27;201,42
1000214;76;566,96
40.01.131;24;179,04
90.02.004;32;238,72
575.12.45;27;201,42
560.34.32;46;343,16
505.16.16;76;566,96
505.16.19;266;1984,36
505.16.09;162;1208,52
505.00.43;977;7288,42
547.00.23;1016;7579,36
547.00.64;825;6154,5
505.20.53;47;350,62
501.63.63;28;208,88
503.01.04;102;760,92
503.01.14;82;611,72
506.30.59;664;4953,44
560.30.20;2798;20873,08
560.30.21;2817;21014,82
575.10.55;134;999,64
421.00.80;104;775,84
